mateus_S_416,6ZGH_A,100.000,15,0,0,1,15,447,461,9.23e-07,52.8,100.00
mateus_S_416,QIG55857.1,100.000,15,0,0,1,15,416,430,9.23e-07,52.8,100.00
mateus_S_416,QJE37812.1,100.000,15,0,0,1,15,416,430,9.23e-07,52.8,100.00
mateus_S_416,QKY12177.1,100.000,15,0,0,1,15,420,434,9.29e-07,52.8,100.00
mateus_S_416,QNS17503.1,100.000,15,0,0,1,15,134,148,9.46e-07,52.8,100.00
mateus_S_416,QJE37811.1,100.000,15,0,0,1,15,112,126,9.47e-07,52.8,100.00
mateus_S_416,ACJ60694.1,100.000,13,0,0,3,15,409,421,8.19e-05,47.3,100.00
mateus_S_416,ACJ60703.1,100.000,12,0,0,3,14,409,420,0.001,44.3,100.00
mateus_S_416,ACJ60681.1,100.000,12,0,0,3,14,405,416,0.001,44.3,100.00
mateus_S_416,AAS75868.1,100.000,12,0,0,3,14,405,416,0.001,44.3,100.00
mateus_S_416,ABY85258.1,100.000,12,0,0,3,14,405,416,0.001,44.3,100.00
mateus_S_416,QKY12178.1,100.000,12,0,0,3,14,422,433,0.001,44.3,100.00
mateus_S_416,AAW56614.1,100.000,12,0,0,3,14,405,416,0.001,44.3,100.00
mateus_S_416,MBD5284961.1,83.333,12,2,0,2,13,10,21,0.66,36.3,91.67
mateus_S_416,SCI12765.1,83.333,12,2,0,2,13,8,19,1.3,35.4,83.33
mateus_S_416,WP_072541768.1,83.333,12,2,0,2,13,8,19,1.3,35.4,83.33
mateus_S_416,WP_072531979.1,83.333,12,2,0,2,13,8,19,1.3,35.4,83.33
mateus_S_416,MBC8326782.1,83.333,12,2,0,3,14,234,245,1.3,35.4,91.67
mateus_S_416,OYT12443.1,90.909,11,1,0,3,13,8,18,1.9,35.0,90.91
mateus_S_416,WP_188460157.1,90.909,11,1,0,2,12,390,400,2.7,34.6,90.91
mateus_S_416,OPZ28855.1,81.818,11,2,0,3,13,11,21,3.8,34.1,90.91
mateus_S_416,NQU33358.1,75.000,12,3,0,2,13,8,19,3.8,34.1,83.33
mateus_S_416,WP_183307394.1,81.818,11,2,0,3,13,55,65,5.3,33.7,81.82
mateus_S_416,WP_144154275.1,75.000,12,3,0,2,13,7,18,5.3,33.7,83.33
mateus_S_416,WP_118311054.1,75.000,12,3,0,2,13,7,18,5.3,33.7,83.33
mateus_S_416,WP_153113725.1,75.000,12,3,0,2,13,7,18,5.3,33.7,83.33
mateus_S_416,HBI98385.1,75.000,12,3,0,2,13,7,18,5.3,33.7,83.33
mateus_S_416,RHK48532.1,75.000,12,3,0,2,13,7,18,5.3,33.7,83.33
mateus_S_416,RHK48532.1,75.000,12,3,0,2,13,7,18,5.3,33.7,83.33
mateus_S_416,MBD9087385.1,75.000,12,3,0,2,13,7,18,5.3,33.7,83.33
mateus_S_416,WP_118254729.1,75.000,12,3,0,2,13,7,18,5.3,33.7,83.33
mateus_S_416,WP_153092261.1,75.000,12,3,0,2,13,7,18,5.3,33.7,83.33
mateus_S_416,WP_006846679.1,75.000,12,3,0,2,13,7,18,5.3,33.7,83.33
mateus_S_416,WP_118201078.1,75.000,12,3,0,2,13,7,18,5.3,33.7,83.33
mateus_S_416,WP_118080383.1,75.000,12,3,0,2,13,7,18,5.3,33.7,83.33
mateus_S_416,WP_117663115.1,75.000,12,3,0,2,13,7,18,5.3,33.7,83.33
mateus_S_416,WP_153137412.1,75.000,12,3,0,2,13,7,18,5.3,33.7,83.33
mateus_S_416,QNT65852.1,75.000,12,3,0,2,13,7,18,5.3,33.7,83.33
mateus_S_416,WP_089543416.1,75.000,12,3,0,2,13,7,18,5.3,33.7,83.33
mateus_S_416,WP_153079463.1,75.000,12,3,0,2,13,7,18,5.3,33.7,83.33
mateus_S_416,WP_153079463.1,75.000,12,3,0,2,13,7,18,5.3,33.7,83.33
mateus_S_416,WP_117586539.1,75.000,12,3,0,2,13,7,18,5.3,33.7,83.33
mateus_S_416,MBD9059907.1,75.000,12,3,0,2,13,7,18,5.3,33.7,83.33
mateus_S_416,WP_118190775.1,75.000,12,3,0,2,13,7,18,5.3,33.7,83.33
mateus_S_416,WP_153087185.1,75.000,12,3,0,2,13,7,18,5.3,33.7,83.33
mateus_S_416,CDA53600.1,75.000,12,3,0,2,13,7,18,5.3,33.7,83.33
mateus_S_416,WP_118415381.1,75.000,12,3,0,2,13,7,18,5.3,33.7,83.33
mateus_S_416,WP_153088970.1,75.000,12,3,0,2,13,7,18,5.3,33.7,83.33
mateus_S_416,HBF05329.1,75.000,12,3,0,2,13,7,18,5.3,33.7,83.33
mateus_S_416,WP_153091587.1,75.000,12,3,0,2,13,7,18,5.3,33.7,83.33
mateus_S_416,WP_022121985.1,75.000,12,3,0,2,13,7,18,5.3,33.7,83.33
mateus_S_416,WP_153085536.1,75.000,12,3,0,2,13,7,18,5.3,33.7,83.33
mateus_S_416,WP_117694800.1,75.000,12,3,0,2,13,7,18,5.3,33.7,83.33
mateus_S_416,WP_118152844.1,75.000,12,3,0,2,13,7,18,5.3,33.7,83.33
mateus_S_416,WP_118064118.1,75.000,12,3,0,2,13,7,18,5.3,33.7,83.33
mateus_S_416,MBE6264708.1,75.000,12,3,0,2,13,7,18,5.3,33.7,83.33
mateus_S_416,WP_153095290.1,75.000,12,3,0,2,13,7,18,5.3,33.7,83.33
mateus_S_416,WP_118118302.1,75.000,12,3,0,2,13,7,18,5.3,33.7,83.33
mateus_S_416,MBD9272487.1,75.000,12,3,0,2,13,7,18,5.3,33.7,83.33
mateus_S_416,MBD9015551.1,75.000,12,3,0,2,13,7,18,5.3,33.7,83.33
mateus_S_416,WP_153096823.1,75.000,12,3,0,2,13,7,18,5.3,33.7,83.33
mateus_S_416,WP_154480053.1,75.000,12,3,0,2,13,7,18,5.3,33.7,83.33
mateus_S_416,WP_153121817.1,75.000,12,3,0,2,13,7,18,5.3,33.7,83.33
mateus_S_416,WP_117727934.1,75.000,12,3,0,2,13,7,18,5.3,33.7,83.33
mateus_S_416,MBD8970421.1,75.000,12,3,0,2,13,7,18,5.3,33.7,83.33
mateus_S_416,WP_118140523.1,75.000,12,3,0,2,13,7,18,5.3,33.7,83.33
mateus_S_416,MBD9300058.1,75.000,12,3,0,2,13,7,18,5.3,33.7,83.33
mateus_S_416,CDD20565.1,75.000,12,3,0,2,13,7,18,5.3,33.7,83.33
mateus_S_416,NLX66619.1,83.333,12,2,0,2,13,10,21,5.3,33.7,83.33
mateus_S_416,OJV36202.1,81.818,11,2,0,3,13,11,21,5.3,33.7,90.91
mateus_S_416,MBB4036298.1,81.818,11,2,0,3,13,11,21,5.3,33.7,81.82
mateus_S_416,MQO97327.1,75.000,12,3,0,2,13,7,18,5.3,33.7,83.33
mateus_S_416,OGF44966.1,83.333,12,0,1,6,15,377,388,7.5,33.3,83.33
mateus_S_416,XP_023004450.1,80.000,10,2,0,5,14,98,107,7.5,33.3,100.00
mateus_S_416,XP_022960057.1,80.000,10,2,0,5,14,98,107,7.5,33.3,100.00
mateus_S_416,XP_023514378.1,80.000,10,2,0,5,14,97,106,7.5,33.3,100.00
mateus_S_416,KYQ89361.1,53.846,26,0,3,1,14,163,188,7.5,33.3,53.85
mateus_S_416,CDA45311.1,81.818,11,2,0,3,13,9,19,7.5,33.3,90.91
mateus_S_416,WP_071123562.1,81.818,11,2,0,3,13,9,19,7.5,33.3,90.91
mateus_S_416,WP_165020180.1,81.818,11,2,0,3,13,11,21,7.5,33.3,81.82
mateus_S_416,WP_165044145.1,81.818,11,2,0,3,13,11,21,7.5,33.3,81.82
mateus_S_416,NLV51799.1,81.818,11,2,0,3,13,9,19,7.5,33.3,90.91
mateus_S_416,WP_173076794.1,81.818,11,2,0,3,13,8,18,7.5,33.3,90.91
mateus_S_416,OJJ39953.1,80.000,10,2,0,6,15,271,280,11,32.9,100.00
mateus_S_416,WP_077197077.1,75.000,12,3,0,2,13,9,20,11,32.9,83.33
mateus_S_416,EDY94985.1,75.000,12,3,0,2,13,25,36,11,32.9,83.33
mateus_S_416,CCZ87189.1,75.000,12,3,0,2,13,25,36,11,32.9,83.33
mateus_S_416,WP_094466795.1,75.000,12,3,0,2,13,7,18,11,32.9,83.33
mateus_S_416,WP_094388376.1,75.000,12,3,0,2,13,7,18,11,32.9,83.33
mateus_S_416,CDC97051.1,75.000,12,3,0,2,13,7,18,11,32.9,83.33
mateus_S_416,WP_094386411.1,75.000,12,3,0,2,13,7,18,11,32.9,83.33
mateus_S_416,WP_094421229.1,75.000,12,3,0,2,13,7,18,11,32.9,83.33
mateus_S_416,OJX65290.1,81.818,11,2,0,3,13,11,21,11,32.9,81.82
mateus_S_416,SBW02602.1,81.818,11,2,0,3,13,11,21,11,32.9,81.82
mateus_S_416,WP_006841724.1,81.818,11,2,0,3,13,11,21,11,32.9,81.82
mateus_S_416,RLD91737.1,75.000,12,3,0,2,13,8,19,11,32.9,83.33
mateus_S_416,WP_036876893.1,75.000,12,3,0,2,13,9,20,11,32.9,83.33
mateus_S_416,WP_117702590.1,75.000,12,3,0,2,13,8,19,11,32.9,83.33
mateus_S_416,CDD33035.1,75.000,12,3,0,2,13,8,19,11,32.9,83.33
mateus_S_416,OKZ12002.1,75.000,12,3,0,2,13,8,19,11,32.9,83.33
mateus_S_416,WP_040313045.1,75.000,12,3,0,2,13,8,19,11,32.9,83.33
mateus_S_416,CDC54781.1,75.000,12,3,0,2,13,8,19,11,32.9,83.33
mateus_S_416,WP_118400093.1,75.000,12,3,0,2,13,8,19,11,32.9,83.33
mateus_S_416,HAI03952.1,75.000,12,3,0,2,13,8,19,11,32.9,83.33
mateus_S_416,WP_117671782.1,75.000,12,3,0,2,13,8,19,11,32.9,83.33
mateus_S_416,WP_022125524.1,75.000,12,3,0,2,13,8,19,11,32.9,83.33
mateus_S_416,WP_118244208.1,75.000,12,3,0,2,13,8,19,11,32.9,83.33
mateus_S_416,WP_118441796.1,75.000,12,3,0,2,13,8,19,11,32.9,83.33
mateus_S_416,WP_118164018.1,75.000,12,3,0,2,13,8,19,11,32.9,83.33
mateus_S_416,WP_018710818.1,75.000,12,3,0,2,13,8,19,11,32.9,83.33
mateus_S_416,WP_191710015.1,75.000,12,3,0,2,13,8,19,11,32.9,83.33
mateus_S_416,SCI69294.1,75.000,12,3,0,2,13,8,19,11,32.9,83.33
mateus_S_416,WP_008145050.1,75.000,12,3,0,2,13,8,19,11,32.9,83.33
mateus_S_416,WP_007571503.1,75.000,12,3,0,2,13,8,19,11,32.9,83.33
mateus_S_416,MBD9354027.1,75.000,12,3,0,2,13,8,19,11,32.9,83.33
mateus_S_416,WP_117747838.1,75.000,12,3,0,2,13,8,19,11,32.9,83.33
mateus_S_416,CDB98732.1,75.000,12,3,0,2,13,8,19,11,32.9,83.33
mateus_S_416,WP_172344240.1,83.333,12,2,0,2,13,7,18,11,32.9,83.33
mateus_S_416,WP_105255733.1,76.923,13,2,1,4,15,553,565,15,32.5,84.62
mateus_S_416,WP_154301360.1,58.824,17,1,1,5,15,144,160,15,32.5,64.71
mateus_S_416,PCH51160.1,76.923,13,1,1,3,13,1104,1116,15,32.5,76.92
mateus_S_416,SCU89124.1,88.889,9,1,0,6,14,290,298,15,32.5,100.00
mateus_S_416,KMZ68698.1,80.000,10,2,0,6,15,192,201,15,32.5,90.00
mateus_S_416,CDC27751.1,75.000,12,3,0,2,13,7,18,15,32.5,83.33
mateus_S_416,MBD9260707.1,75.000,12,3,0,2,13,7,18,15,32.5,83.33
mateus_S_416,WP_158463356.1,75.000,12,3,0,2,13,7,18,15,32.5,83.33
mateus_S_416,MBD9072951.1,75.000,12,3,0,2,13,7,18,15,32.5,83.33
mateus_S_416,WP_091899557.1,81.818,11,2,0,3,13,15,25,15,32.5,81.82
mateus_S_416,PKP08389.1,75.000,12,3,0,2,13,15,26,15,32.5,83.33
mateus_S_416,GGK67138.1,81.818,11,2,0,3,13,14,24,15,32.5,90.91
mateus_S_416,WP_149098045.1,81.818,11,2,0,3,13,11,21,15,32.5,90.91
mateus_S_416,MSS16312.1,75.000,12,3,0,2,13,11,22,15,32.5,83.33
mateus_S_416,CDE87498.1,81.818,11,2,0,3,13,9,19,15,32.5,90.91
mateus_S_416,NLX80172.1,81.818,11,2,0,3,13,11,21,15,32.5,81.82
mateus_S_416,RLD42333.1,81.818,11,2,0,3,13,8,18,15,32.5,90.91
mateus_S_416,WP_018358801.1,75.000,12,3,0,2,13,12,23,15,32.5,75.00
mateus_S_416,MBE6227513.1,81.818,11,2,0,3,13,7,17,15,32.5,81.82
mateus_S_416,MBA3016359.1,83.333,12,0,1,4,15,105,114,15,32.5,83.33
mateus_S_416,PVZ98870.1,88.889,9,1,0,5,13,277,285,21,32.0,100.00
mateus_S_416,WP_156036896.1,75.000,16,1,2,3,15,560,575,21,32.0,75.00
mateus_S_416,PVU92970.1,71.429,14,3,1,2,14,230,243,21,32.0,78.57
mateus_S_416,NLE62611.1,90.000,10,1,0,2,11,8,17,21,32.0,90.00
mateus_S_416,OQA91730.1,90.000,10,1,0,2,11,8,17,21,32.0,90.00
mateus_S_416,RLD70769.1,75.000,12,3,0,2,13,9,20,21,32.0,83.33
mateus_S_416,PWL77335.1,75.000,12,3,0,2,13,8,19,21,32.0,83.33
mateus_S_416,WP_135946809.1,75.000,12,3,0,2,13,10,21,21,32.0,83.33
mateus_S_416,WP_136410742.1,75.000,12,3,0,2,13,10,21,21,32.0,83.33
mateus_S_416,ROT14927.1,75.000,12,3,0,2,13,10,21,21,32.0,83.33
mateus_S_416,WP_013619142.1,72.727,11,3,0,3,13,9,19,21,32.0,81.82
mateus_S_416,GAY28596.1,72.727,11,3,0,3,13,10,20,21,32.0,81.82
mateus_S_416,WP_087428090.1,72.727,11,3,0,3,13,9,19,21,32.0,81.82
mateus_S_416,HBH08110.1,81.818,11,2,0,2,12,6,16,21,32.0,81.82
mateus_S_416,CDD19353.1,75.000,12,3,0,2,13,6,17,21,32.0,83.33
mateus_S_416,WP_104369952.1,72.727,11,3,0,3,13,8,18,21,32.0,81.82
mateus_S_416,KAF0199726.1,81.818,11,2,0,3,13,8,18,21,32.0,81.82
mateus_S_416,XP_024120166.1,71.429,14,1,1,5,15,13,26,21,32.0,71.43
mateus_S_416,MBF6596870.1,81.818,11,2,0,3,13,11,21,30,31.6,90.91
mateus_S_416,CCZ82369.1,58.824,17,5,1,1,15,337,353,30,31.6,70.59
mateus_S_416,WP_099151514.1,81.818,11,2,0,3,13,9,19,30,31.6,81.82
mateus_S_416,SHF77517.1,81.818,11,2,0,3,13,17,27,30,31.6,81.82
mateus_S_416,WP_062182178.1,81.818,11,2,0,3,13,11,21,30,31.6,81.82
mateus_S_416,MBD9294616.1,81.818,11,2,0,3,13,7,17,30,31.6,81.82
mateus_S_416,CRK98588.1,71.429,14,4,0,1,14,143,156,30,31.6,78.57
mateus_S_416,HCY77747.1,84.615,13,0,2,3,14,192,203,30,31.6,84.62
mateus_S_416,WP_091373033.1,75.000,12,2,1,2,13,76,86,30,31.6,91.67
mateus_S_416,NLZ50766.1,72.727,11,3,0,3,13,7,17,30,31.6,81.82
mateus_S_416,PHS10035.1,75.000,12,3,0,3,14,21,32,30,31.6,83.33
mateus_S_416,XP_002507540.1,66.667,15,2,1,3,14,33,47,30,31.6,73.33
mateus_S_416,WP_018449990.1,81.818,11,1,1,5,14,59,69,30,31.6,90.91
mateus_S_416,WP_106830203.1,64.286,14,5,0,1,14,555,568,43,31.2,71.43
mateus_S_416,RYY22096.1,88.889,9,1,0,4,12,244,252,43,31.2,100.00
mateus_S_416,KPL02585.1,57.143,21,2,2,1,15,421,440,43,31.2,57.14
mateus_S_416,MBA3721613.1,81.818,11,2,0,3,13,114,124,43,31.2,81.82
mateus_S_416,CDC60331.1,88.889,9,1,0,5,13,126,134,43,31.2,88.89
mateus_S_416,WP_084300639.1,61.111,18,2,2,2,14,278,295,43,31.2,66.67
mateus_S_416,HHX31044.1,81.818,11,2,0,3,13,11,21,43,31.2,90.91
mateus_S_416,HBN01687.1,75.000,12,3,0,2,13,6,17,43,31.2,83.33
mateus_S_416,WP_004370295.1,72.727,11,3,0,3,13,8,18,43,31.2,81.82
mateus_S_416,WP_023983290.1,72.727,11,3,0,3,13,8,18,43,31.2,81.82
mateus_S_416,CCX51925.1,72.727,11,3,0,3,13,7,17,43,31.2,81.82
mateus_S_416,NLY95869.1,50.000,20,2,1,2,13,251,270,43,31.2,60.00
mateus_S_416,NLY05966.1,52.632,19,1,1,4,14,133,151,43,31.2,57.89
mateus_S_416,YP_009215022.1,47.619,21,3,1,1,13,141,161,43,31.2,57.14
mateus_S_416,WP_064016473.1,47.619,21,3,1,1,13,141,161,43,31.2,57.14
mateus_S_416,WP_022583694.1,47.619,21,3,1,1,13,141,161,43,31.2,57.14
mateus_S_416,HGV42646.1,78.571,14,0,2,2,13,296,308,43,31.2,78.57
mateus_S_416,GGD72677.1,76.923,13,3,0,1,13,67,79,43,31.2,84.62
mateus_S_416,KAF0751736.1,75.000,12,2,1,3,14,80,90,43,31.2,83.33
mateus_S_416,WP_094995648.1,76.923,13,3,0,1,13,48,60,43,31.2,84.62
mateus_S_416,WP_173837629.1,64.286,14,5,0,1,14,7,20,60,30.8,71.43
mateus_S_416,WP_119232939.1,69.231,13,4,0,3,15,1853,1865,61,30.8,76.92
mateus_S_416,WP_070908313.1,69.231,13,4,0,3,15,747,759,61,30.8,69.23
mateus_S_416,WP_121345883.1,75.000,12,1,1,3,14,871,880,61,30.8,83.33
mateus_S_416,NVK24225.1,75.000,12,3,0,2,13,779,790,61,30.8,75.00
mateus_S_416,PWL28112.1,80.000,10,2,0,5,14,553,562,61,30.8,90.00
mateus_S_416,MBE9512196.1,76.923,13,2,1,1,12,259,271,61,30.8,76.92
mateus_S_416,WP_186928392.1,75.000,12,3,0,3,14,250,261,61,30.8,83.33
mateus_S_416,WP_122121595.1,75.000,12,3,0,3,14,250,261,61,30.8,83.33
mateus_S_416,WP_007835207.1,55.556,18,1,1,3,13,220,237,61,30.8,55.56
mateus_S_416,WP_098192155.1,71.429,14,3,1,2,15,195,207,61,30.8,78.57
mateus_S_416,HAS20760.1,81.818,11,1,1,3,13,388,397,61,30.8,90.91
mateus_S_416,HAV27194.1,81.818,11,1,1,3,13,383,392,61,30.8,90.91
mateus_S_416,WP_022856676.1,81.818,11,1,1,3,13,378,387,61,30.8,90.91
mateus_S_416,WP_021617470.1,81.818,11,1,1,3,13,378,387,61,30.8,90.91
mateus_S_416,WP_049188111.1,81.818,11,1,1,3,13,378,387,61,30.8,90.91
mateus_S_416,WP_065368054.1,72.727,11,3,0,3,13,10,20,61,30.8,81.82
mateus_S_416,WP_025078170.1,72.727,11,3,0,3,13,10,20,61,30.8,81.82
mateus_S_416,WP_060940945.1,66.667,12,4,0,2,13,9,20,61,30.8,75.00
mateus_S_416,MBF1578279.1,72.727,11,3,0,3,13,10,20,61,30.8,81.82
mateus_S_416,MBF1616860.1,72.727,11,3,0,3,13,10,20,61,30.8,81.82
mateus_S_416,WP_025876781.1,66.667,12,4,0,2,13,9,20,61,30.8,75.00
mateus_S_416,MBF1627585.1,72.727,11,3,0,3,13,10,20,61,30.8,81.82
mateus_S_416,CCY02674.1,72.727,11,3,0,3,13,10,20,61,30.8,81.82
mateus_S_416,TVQ50021.1,58.824,17,5,1,1,15,45,61,61,30.8,70.59
mateus_S_416,WP_044169647.1,72.727,11,3,0,3,13,11,21,61,30.8,90.91
mateus_S_416,WP_005468013.1,72.727,11,3,0,3,13,11,21,61,30.8,90.91
mateus_S_416,TAH61762.1,66.667,12,4,0,2,13,10,21,61,30.8,83.33
mateus_S_416,CEA16095.1,66.667,12,4,0,2,13,10,21,61,30.8,83.33
mateus_S_416,HHU40764.1,66.667,12,4,0,2,13,10,21,61,30.8,83.33
mateus_S_416,WP_053826157.1,66.667,12,4,0,2,13,10,21,61,30.8,83.33
mateus_S_416,MBD5358607.1,66.667,12,4,0,2,13,6,17,61,30.8,83.33
mateus_S_416,CDA93743.1,72.727,11,3,0,3,13,8,18,61,30.8,81.82
mateus_S_416,MBF0970628.1,81.818,11,2,0,3,13,9,19,61,30.8,81.82
mateus_S_416,WP_157479392.1,81.818,11,2,0,3,13,8,18,61,30.8,81.82
mateus_S_416,WP_085535441.1,72.727,11,3,0,3,13,10,20,61,30.8,90.91
mateus_S_416,WP_163322835.1,66.667,12,4,0,2,13,10,21,61,30.8,75.00
mateus_S_416,KJF45087.1,66.667,12,4,0,2,13,10,21,61,30.8,75.00
mateus_S_416,WP_038555271.1,66.667,12,4,0,2,13,8,19,61,30.8,75.00
mateus_S_416,WP_038555271.1,53.846,13,4,1,2,14,380,390,131335,21.4,69.23
mateus_S_416,WP_157493587.1,66.667,12,4,0,2,13,8,19,61,30.8,75.00
mateus_S_416,BAZ40631.1,66.667,15,2,1,3,14,239,253,61,30.8,66.67
mateus_S_416,NQU35481.1,88.889,9,1,0,6,14,247,255,61,30.8,88.89
mateus_S_416,WP_103271895.1,100.000,8,0,0,7,14,106,113,61,30.8,100.00
mateus_S_416,HAN78565.1,88.889,9,1,0,7,15,271,279,61,30.8,88.89
mateus_S_416,XP_026398423.1,80.000,10,2,0,5,14,150,159,61,30.8,80.00
mateus_S_416,NIP40031.1,100.000,8,0,0,7,14,90,97,61,30.8,100.00
mateus_S_416,WP_162418718.1,90.000,10,1,0,1,10,71,80,61,30.8,90.00
mateus_S_416,RZK15353.1,76.923,13,3,0,2,14,92,104,61,30.8,76.92
mateus_S_416,WP_163380214.1,90.000,10,1,0,1,10,60,69,61,30.8,90.00
mateus_S_416,MBF1601226.1,72.727,11,3,0,3,13,10,20,61,30.8,81.82
mateus_S_416,NJN78440.1,76.923,13,2,1,2,13,36,48,61,30.8,84.62
mateus_S_416,RZJ91761.1,88.889,9,1,0,7,15,1342,1350,86,30.3,100.00
mateus_S_416,MBC8487316.1,64.706,17,2,2,2,15,846,861,86,30.3,70.59
mateus_S_416,MBC8054277.1,71.429,14,1,1,2,15,376,386,86,30.3,78.57
mateus_S_416,WP_090639182.1,72.727,11,3,0,4,14,551,561,86,30.3,90.91
mateus_S_416,QED43025.1,80.000,10,2,0,3,12,775,784,86,30.3,90.00
mateus_S_416,QED43025.1,85.714,7,1,0,4,10,584,590,65337,22.3,85.71
mateus_S_416,WP_184586106.1,88.889,9,1,0,5,13,537,545,86,30.3,88.89
mateus_S_416,PDH50024.1,52.381,21,2,2,3,15,95,115,86,30.3,57.14
mateus_S_416,XP_021954027.1,69.231,13,3,1,2,13,451,463,86,30.3,84.62
mateus_S_416,RID43284.1,66.667,12,4,0,3,14,75,86,86,30.3,83.33
mateus_S_416,WP_094369214.1,69.231,13,3,1,3,14,176,188,86,30.3,76.92
mateus_S_416,KAF4769567.1,72.727,11,3,0,4,14,310,320,86,30.3,90.91
mateus_S_416,KOS43160.1,80.000,10,2,0,6,15,282,291,86,30.3,90.00
mateus_S_416,MBD3671099.1,88.889,9,1,0,6,14,153,161,86,30.3,88.89
mateus_S_416,RAP53243.1,58.824,17,3,2,2,15,271,286,86,30.3,76.47
mateus_S_416,WP_115569052.1,75.000,12,3,0,2,13,43,54,86,30.3,75.00
mateus_S_416,WP_104724733.1,75.000,12,3,0,2,13,43,54,86,30.3,75.00
mateus_S_416,WP_034372903.1,81.818,11,2,0,1,11,353,363,86,30.3,81.82
mateus_S_416,KAF2074996.1,88.889,9,1,0,7,15,354,362,86,30.3,88.89
mateus_S_416,WP_101089789.1,66.667,15,1,1,3,13,322,336,86,30.3,66.67
mateus_S_416,WP_020910648.1,66.667,15,1,1,3,13,322,336,86,30.3,66.67
mateus_S_416,WP_012278949.1,66.667,15,1,1,3,13,322,336,86,30.3,66.67
mateus_S_416,WP_153661960.1,66.667,15,1,1,3,13,322,336,86,30.3,66.67
mateus_S_416,WP_026860670.1,88.889,9,1,0,6,14,327,335,86,30.3,88.89
mateus_S_416,WP_034775847.1,88.889,9,1,0,6,14,327,335,86,30.3,88.89
mateus_S_416,WP_126833643.1,88.889,9,1,0,6,14,327,335,86,30.3,88.89
mateus_S_416,WP_034730747.1,88.889,9,1,0,6,14,327,335,86,30.3,88.89
mateus_S_416,ERJ75295.1,66.667,12,4,0,2,13,16,27,86,30.3,83.33
mateus_S_416,EFL47091.1,66.667,12,4,0,2,13,16,27,86,30.3,83.33
mateus_S_416,WP_126773446.1,88.889,9,1,0,6,14,327,335,86,30.3,88.89
mateus_S_416,WP_173920677.1,88.889,9,1,0,6,14,327,335,86,30.3,88.89
mateus_S_416,WP_126764115.1,88.889,9,1,0,6,14,327,335,86,30.3,88.89
mateus_S_416,WP_128352791.1,88.889,9,1,0,6,14,327,335,86,30.3,88.89
mateus_S_416,WP_086435084.1,88.889,9,1,0,6,14,327,335,86,30.3,88.89
mateus_S_416,MBF1472597.1,66.667,12,4,0,2,13,9,20,86,30.3,83.33
mateus_S_416,WP_074548334.1,66.667,12,4,0,2,13,7,18,86,30.3,75.00
mateus_S_416,WP_099996042.1,66.667,12,4,0,2,13,9,20,86,30.3,83.33
mateus_S_416,MBF1501729.1,66.667,12,4,0,2,13,9,20,86,30.3,83.33
mateus_S_416,MBF1468346.1,66.667,12,4,0,2,13,9,20,86,30.3,83.33
mateus_S_416,WP_156267510.1,88.889,9,1,0,6,14,327,335,86,30.3,88.89
mateus_S_416,WP_097656947.1,66.667,12,4,0,2,13,9,20,86,30.3,83.33
mateus_S_416,WP_028906384.1,66.667,12,4,0,2,13,9,20,86,30.3,83.33
mateus_S_416,MBF1459874.1,66.667,12,4,0,2,13,9,20,86,30.3,83.33
mateus_S_416,WP_097647370.1,66.667,12,4,0,2,13,9,20,86,30.3,83.33
mateus_S_416,MBF1514931.1,66.667,12,4,0,2,13,9,20,86,30.3,83.33
mateus_S_416,WP_099892673.1,66.667,12,4,0,2,13,9,20,86,30.3,83.33
mateus_S_416,WP_100371443.1,66.667,12,4,0,2,13,9,20,86,30.3,83.33
mateus_S_416,MBF1461789.1,66.667,12,4,0,2,13,9,20,86,30.3,83.33
mateus_S_416,WP_099977558.1,66.667,12,4,0,2,13,9,20,86,30.3,83.33
mateus_S_416,WP_096408048.1,66.667,12,4,0,2,13,9,20,86,30.3,83.33
mateus_S_416,MBF1386261.1,66.667,12,4,0,2,13,9,20,86,30.3,83.33
mateus_S_416,MBF1493811.1,66.667,12,4,0,2,13,9,20,86,30.3,83.33
mateus_S_416,WP_100190263.1,66.667,12,4,0,2,13,9,20,86,30.3,83.33
mateus_S_416,WP_100020244.1,66.667,12,4,0,2,13,9,20,86,30.3,83.33
mateus_S_416,WP_061868562.1,66.667,12,4,0,2,13,9,20,86,30.3,83.33
mateus_S_416,MBF1470781.1,66.667,12,4,0,2,13,9,20,86,30.3,83.33
mateus_S_416,WP_099984544.1,66.667,12,4,0,2,13,9,20,86,30.3,83.33
mateus_S_416,WP_006282406.1,66.667,12,4,0,2,13,7,18,86,30.3,75.00
mateus_S_416,MBF1525643.1,66.667,12,4,0,2,13,9,20,86,30.3,83.33
mateus_S_416,WP_006045948.1,66.667,12,4,0,2,13,9,20,86,30.3,83.33
mateus_S_416,MBF1464201.1,66.667,12,4,0,2,13,9,20,86,30.3,83.33
mateus_S_416,MBF1478845.1,66.667,12,4,0,2,13,9,20,86,30.3,83.33
mateus_S_416,WP_099836834.1,66.667,12,4,0,2,13,9,20,86,30.3,83.33
mateus_S_416,MBF1443282.1,66.667,12,4,0,2,13,9,20,86,30.3,83.33
mateus_S_416,WP_112200435.1,66.667,12,4,0,2,13,9,20,86,30.3,83.33
mateus_S_416,WP_100328458.1,66.667,12,4,0,2,13,9,20,86,30.3,83.33
mateus_S_416,WP_088439653.1,66.667,12,4,0,2,13,9,20,86,30.3,83.33
mateus_S_416,WP_100014724.1,66.667,12,4,0,2,13,9,20,86,30.3,83.33
mateus_S_416,MBF1383288.1,66.667,12,4,0,2,13,9,20,86,30.3,83.33
mateus_S_416,MBF1474475.1,66.667,12,4,0,2,13,9,20,86,30.3,83.33
mateus_S_416,MBF1518853.1,66.667,12,4,0,2,13,9,20,86,30.3,83.33
mateus_S_416,WP_024999010.1,66.667,12,4,0,2,13,9,20,86,30.3,83.33
mateus_S_416,WP_100016079.1,66.667,12,4,0,2,13,9,20,86,30.3,83.33
mateus_S_416,WP_115084191.1,66.667,12,4,0,2,13,9,20,86,30.3,83.33
mateus_S_416,WP_124140053.1,66.667,12,4,0,2,13,9,20,86,30.3,83.33
mateus_S_416,WP_097550103.1,66.667,12,4,0,2,13,9,20,86,30.3,83.33
mateus_S_416,WP_100022832.1,66.667,12,4,0,2,13,9,20,86,30.3,83.33
mateus_S_416,MBF1512821.1,66.667,12,4,0,2,13,9,20,86,30.3,83.33
mateus_S_416,WP_045167793.1,66.667,12,4,0,2,13,9,20,86,30.3,83.33
mateus_S_416,MBF1497333.1,66.667,12,4,0,2,13,9,20,86,30.3,83.33
mateus_S_416,WP_014708424.1,66.667,12,4,0,2,13,9,20,86,30.3,83.33
mateus_S_416,WP_100356789.1,66.667,12,4,0,2,13,9,20,86,30.3,83.33
mateus_S_416,WP_110075514.1,88.889,9,1,0,6,14,327,335,86,30.3,88.89
mateus_S_416,WP_040555475.1,66.667,12,4,0,2,13,9,20,86,30.3,83.33
mateus_S_416,PHR66262.1,88.889,9,1,0,6,14,327,335,86,30.3,88.89
mateus_S_416,WP_025064636.1,66.667,12,4,0,2,13,9,20,86,30.3,83.33
mateus_S_416,WP_153826895.1,88.889,9,1,0,6,14,327,335,86,30.3,88.89
mateus_S_416,WP_036882911.1,66.667,12,4,0,2,13,9,20,86,30.3,83.33
mateus_S_416,WP_117653349.1,66.667,12,4,0,2,13,9,20,86,30.3,83.33
mateus_S_416,OZB04543.1,88.889,9,1,0,6,14,327,335,86,30.3,88.89
mateus_S_416,WP_126760131.1,88.889,9,1,0,6,14,327,335,86,30.3,88.89
mateus_S_416,WP_028895957.1,66.667,12,4,0,2,13,9,20,86,30.3,83.33
mateus_S_416,WP_092593513.1,88.889,9,1,0,6,14,327,335,86,30.3,88.89
mateus_S_416,WP_092841090.1,88.889,9,1,0,6,14,327,335,86,30.3,88.89
mateus_S_416,EOA54428.1,66.667,12,4,0,2,13,25,36,86,30.3,83.33
mateus_S_416,CDF15491.1,66.667,12,4,0,2,13,25,36,86,30.3,83.33
mateus_S_416,WP_092857138.1,88.889,9,1,0,6,14,327,335,86,30.3,88.89
mateus_S_416,WP_055438941.1,88.889,9,1,0,6,14,327,335,86,30.3,88.89
mateus_S_416,MBF1572007.1,66.667,12,4,0,2,13,7,18,86,30.3,75.00
mateus_S_416,MBF1572007.1,66.667,12,4,0,2,13,7,18,86,30.3,75.00
mateus_S_416,MBF1645967.1,66.667,12,4,0,2,13,7,18,86,30.3,75.00
mateus_S_416,MBF1584806.1,66.667,12,4,0,2,13,7,18,86,30.3,75.00
mateus_S_416,WP_028898514.1,66.667,12,4,0,2,13,7,18,86,30.3,75.00
mateus_S_416,WP_195240460.1,100.000,8,0,0,8,15,346,353,86,30.3,100.00
mateus_S_416,WP_009137673.1,100.000,8,0,0,8,15,346,353,86,30.3,100.00
mateus_S_416,KAF7517888.1,72.727,11,3,0,4,14,280,290,86,30.3,90.91
mateus_S_416,MBC7745914.1,73.333,15,0,2,1,12,191,204,86,30.3,73.33
mateus_S_416,WP_068961586.1,72.727,11,3,0,3,13,10,20,86,30.3,90.91
mateus_S_416,WP_135956727.1,72.727,11,3,0,3,13,10,20,86,30.3,90.91
mateus_S_416,WP_135992855.1,72.727,11,3,0,3,13,10,20,86,30.3,90.91
mateus_S_416,ROT11165.1,72.727,11,3,0,3,13,10,20,86,30.3,90.91
mateus_S_416,WP_135105457.1,72.727,11,3,0,3,13,11,21,86,30.3,81.82
mateus_S_416,WP_150905007.1,75.000,12,3,0,2,13,8,19,86,30.3,83.33
mateus_S_416,NBP30420.1,72.727,11,3,0,3,13,6,16,86,30.3,81.82
mateus_S_416,NBO61752.1,72.727,11,3,0,3,13,6,16,86,30.3,81.82
mateus_S_416,WP_195202779.1,66.667,12,4,0,2,13,8,19,86,30.3,83.33
mateus_S_416,WP_034541745.1,66.667,12,4,0,2,13,8,19,86,30.3,83.33
mateus_S_416,WP_018452046.1,66.667,12,4,0,2,13,8,19,86,30.3,83.33
mateus_S_416,WP_178241609.1,66.667,12,4,0,2,13,8,19,86,30.3,83.33
mateus_S_416,WP_195195834.1,66.667,12,4,0,2,13,8,19,86,30.3,83.33
mateus_S_416,WP_117462534.1,66.667,12,4,0,2,13,8,19,86,30.3,83.33
mateus_S_416,WP_117572690.1,66.667,12,4,0,2,13,8,19,86,30.3,83.33
mateus_S_416,MBE6218643.1,72.727,11,3,0,3,13,7,17,86,30.3,81.82
mateus_S_416,WP_163348150.1,66.667,12,4,0,2,13,8,19,86,30.3,75.00
mateus_S_416,MBE6233155.1,72.727,11,3,0,3,13,7,17,86,30.3,81.82
mateus_S_416,WP_091218123.1,60.000,15,3,1,2,13,237,251,86,30.3,73.33
mateus_S_416,RLD47111.1,66.667,12,4,0,2,13,7,18,86,30.3,83.33
mateus_S_416,RUM48711.1,100.000,8,0,0,2,9,354,361,86,30.3,100.00
mateus_S_416,MBC8216668.1,72.727,11,3,0,2,12,9,19,86,30.3,90.91
mateus_S_416,GDX62864.1,80.000,10,2,0,2,11,5,14,86,30.3,80.00
mateus_S_416,RPG51969.1,66.667,12,4,0,2,13,2,13,86,30.3,83.33
mateus_S_416,PYK60326.1,100.000,8,0,0,4,11,6,13,86,30.3,100.00
mateus_S_416,PYK71636.1,100.000,8,0,0,4,11,6,13,86,30.3,100.00
mateus_S_416,EGI0196851.1,75.000,12,2,1,3,14,83,93,86,30.3,83.33
mateus_S_416,CCX75821.1,90.000,10,1,0,1,10,166,175,86,30.3,90.00
mateus_S_416,WP_028036289.1,61.538,13,5,0,2,14,233,245,86,30.3,76.92
mateus_S_416,WP_135944729.1,88.889,9,1,0,4,12,64,72,86,30.3,88.89
mateus_S_416,RIB01781.1,100.000,8,0,0,3,10,179,186,86,30.3,100.00
mateus_S_416,HAT64901.1,72.727,11,3,0,4,14,150,160,86,30.3,81.82
mateus_S_416,MAL58581.1,72.727,11,3,0,4,14,150,160,86,30.3,81.82
mateus_S_416,PZP56784.1,64.286,14,3,1,3,14,67,80,86,30.3,78.57
mateus_S_416,WP_120336733.1,71.429,14,3,1,2,14,41,54,86,30.3,78.57
mateus_S_416,WP_182982564.1,71.429,14,3,1,2,14,41,54,86,30.3,78.57
mateus_S_416,WP_070567558.1,71.429,14,3,1,2,14,41,54,86,30.3,78.57
mateus_S_416,WP_075991530.1,71.429,14,3,1,2,14,41,54,86,30.3,78.57
mateus_S_416,HAK30112.1,71.429,14,3,1,2,14,41,54,86,30.3,78.57
mateus_S_416,HAU52568.1,71.429,14,3,1,2,14,41,54,86,30.3,78.57
mateus_S_416,WP_159729460.1,71.429,14,3,1,2,14,41,54,86,30.3,78.57
mateus_S_416,WP_182329655.1,71.429,14,3,1,2,14,41,54,86,30.3,78.57
mateus_S_416,WP_088160594.1,71.429,14,3,1,2,14,41,54,86,30.3,78.57
mateus_S_416,WP_035332754.1,57.143,14,6,0,2,15,86,99,86,30.3,85.71
mateus_S_416,WP_011343565.1,81.818,11,1,1,5,15,65,74,86,30.3,90.91
mateus_S_416,HBW79500.1,71.429,14,3,1,2,14,34,47,86,30.3,78.57
mateus_S_416,NLZ65049.1,88.889,9,1,0,5,13,10440,10448,121,29.9,88.89
mateus_S_416,NLZ65049.1,71.429,7,2,0,2,8,2628,2634,65508,22.3,85.71
mateus_S_416,HHX49238.1,88.889,9,1,0,5,13,4256,4264,121,29.9,88.89
mateus_S_416,RAP47906.1,69.231,13,3,1,1,13,972,983,121,29.9,84.62
mateus_S_416,WP_096736556.1,60.000,15,1,1,5,14,79,93,121,29.9,66.67
mateus_S_416,WP_167025106.1,69.231,13,3,1,3,14,100,112,121,29.9,76.92
mateus_S_416,MBB6233949.1,100.000,8,0,0,1,8,473,480,121,29.9,100.00
mateus_S_416,WP_090645789.1,100.000,8,0,0,1,8,473,480,121,29.9,100.00
mateus_S_416,WP_184549627.1,100.000,8,0,0,1,8,472,479,121,29.9,100.00
mateus_S_416,WP_075767947.1,71.429,14,1,1,1,14,627,637,121,29.9,71.43
mateus_S_416,QBG47405.1,66.667,12,4,0,3,14,503,514,121,29.9,83.33
mateus_S_416,NLO44438.1,58.824,17,4,1,2,15,504,520,121,29.9,64.71
mateus_S_416,MBE6283586.1,72.727,11,3,0,3,13,19,29,121,29.9,81.82
mateus_S_416,CRL22759.1,77.778,9,2,0,6,14,294,302,121,29.9,100.00
mateus_S_416,QLQ33787.1,90.000,10,1,0,1,10,351,360,121,29.9,90.00
mateus_S_416,WP_002708598.1,90.000,10,1,0,1,10,351,360,121,29.9,90.00
mateus_S_416,WP_117608128.1,90.000,10,1,0,1,10,341,350,121,29.9,90.00
mateus_S_416,KAE8152056.1,66.667,12,4,0,1,12,269,280,121,29.9,83.33
mateus_S_416,MBE6814529.1,81.818,11,0,1,3,13,56,64,121,29.9,81.82
mateus_S_416,MBD3164703.1,66.667,12,4,0,3,14,498,509,121,29.9,75.00
mateus_S_416,PHY04939.1,72.727,11,3,0,2,12,193,203,121,29.9,81.82
mateus_S_416,WP_168469229.1,75.000,12,1,1,3,12,83,94,121,29.9,83.33
mateus_S_416,WP_149927250.1,76.923,13,1,1,5,15,51,63,121,29.9,76.92
mateus_S_416,WP_184546029.1,55.000,20,1,1,1,12,194,213,121,29.9,55.00
mateus_S_416,WP_148550086.1,88.889,9,1,0,2,10,128,136,122,29.9,88.89
mateus_S_416,MBD5277132.1,72.727,11,3,0,3,13,8,18,122,29.9,81.82
mateus_S_416,EKN28124.1,72.727,11,3,0,3,13,43,53,122,29.9,81.82
mateus_S_416,EKN20191.1,72.727,11,3,0,3,13,43,53,122,29.9,81.82
mateus_S_416,KMW39609.1,72.727,11,3,0,3,13,43,53,122,29.9,81.82
mateus_S_416,CUP78714.1,72.727,11,3,0,3,13,43,53,122,29.9,81.82
mateus_S_416,EKN20958.1,72.727,11,3,0,3,13,43,53,122,29.9,81.82
mateus_S_416,MBD9134048.1,72.727,11,3,0,3,13,43,53,122,29.9,81.82
mateus_S_416,KAA3144870.1,72.727,11,3,0,3,13,43,53,122,29.9,81.82
mateus_S_416,EHB91622.1,72.727,11,3,0,3,13,43,53,122,29.9,81.82
mateus_S_416,RGU38819.1,72.727,11,3,0,3,13,43,53,122,29.9,81.82
mateus_S_416,MBE6332333.1,80.000,10,2,0,3,12,9,18,122,29.9,80.00
mateus_S_416,MBD5306235.1,72.727,11,3,0,3,13,11,21,122,29.9,90.91
mateus_S_416,NLD24787.1,72.727,11,3,0,3,13,11,21,122,29.9,81.82
mateus_S_416,MBF1619008.1,72.727,11,3,0,3,13,10,20,122,29.9,81.82
mateus_S_416,MBF1619008.1,72.727,11,3,0,3,13,10,20,122,29.9,81.82
mateus_S_416,WP_013265504.1,72.727,11,3,0,3,13,10,20,122,29.9,81.82
mateus_S_416,WP_004359420.1,72.727,11,3,0,3,13,10,20,122,29.9,81.82
mateus_S_416,MBF1607614.1,72.727,11,3,0,3,13,10,20,122,29.9,81.82
mateus_S_416,MBF1403500.1,72.727,11,3,0,3,13,10,20,122,29.9,81.82
mateus_S_416,WP_036863448.1,72.727,11,3,0,3,13,10,20,122,29.9,81.82
mateus_S_416,WP_036868365.1,72.727,11,3,0,3,13,10,20,122,29.9,81.82
mateus_S_416,WP_036924743.1,72.727,11,3,0,3,13,10,20,122,29.9,81.82
mateus_S_416,MBF1602767.1,72.727,11,3,0,3,13,10,20,122,29.9,81.82
mateus_S_416,MBF1397030.1,72.727,11,3,0,3,13,10,20,122,29.9,81.82
mateus_S_416,MBF1592999.1,72.727,11,3,0,3,13,10,20,122,29.9,81.82
mateus_S_416,MBF1639229.1,72.727,11,3,0,3,13,10,20,122,29.9,81.82
mateus_S_416,MBF1416836.1,72.727,11,3,0,3,13,10,20,122,29.9,81.82
mateus_S_416,MBF1416836.1,72.727,11,3,0,3,13,10,20,122,29.9,81.82
mateus_S_416,MBF1624135.1,72.727,11,3,0,3,13,10,20,122,29.9,81.82
mateus_S_416,MBF1391935.1,72.727,11,3,0,3,13,10,20,122,29.9,81.82
mateus_S_416,MBF1583029.1,72.727,11,3,0,3,13,10,20,122,29.9,81.82
mateus_S_416,WP_155716492.1,72.727,11,3,0,3,13,10,20,122,29.9,81.82
mateus_S_416,MBF1613218.1,72.727,11,3,0,3,13,10,20,122,29.9,81.82
mateus_S_416,WP_009434214.1,72.727,11,3,0,3,13,10,20,122,29.9,81.82
mateus_S_416,MBF1414664.1,72.727,11,3,0,3,13,10,20,122,29.9,81.82
mateus_S_416,MBF1580953.1,72.727,11,3,0,3,13,10,20,122,29.9,81.82
mateus_S_416,WP_101689739.1,72.727,11,3,0,3,13,19,29,122,29.9,90.91
mateus_S_416,WP_008822372.1,72.727,11,3,0,3,13,10,20,122,29.9,81.82
mateus_S_416,WP_025790573.1,72.727,11,3,0,3,13,10,20,122,29.9,81.82
mateus_S_416,MBF1633164.1,72.727,11,3,0,3,13,10,20,122,29.9,81.82
mateus_S_416,MBF1636419.1,72.727,11,3,0,3,13,10,20,122,29.9,81.82
mateus_S_416,MBF1596503.1,72.727,11,3,0,3,13,10,20,122,29.9,81.82
mateus_S_416,MBF1429956.1,72.727,11,3,0,3,13,10,20,122,29.9,81.82
mateus_S_416,WP_004383654.1,72.727,11,3,0,3,13,10,20,122,29.9,81.82
mateus_S_416,MST84897.1,80.000,10,2,0,3,12,8,17,122,29.9,80.00
mateus_S_416,WP_107621182.1,80.000,10,2,0,3,12,8,17,122,29.9,80.00
mateus_S_416,WP_092110486.1,72.727,11,3,0,3,13,8,18,122,29.9,81.82
mateus_S_416,MBD9229142.1,80.000,10,2,0,3,12,8,17,122,29.9,80.00
mateus_S_416,CCZ11786.1,80.000,10,2,0,3,12,8,17,122,29.9,80.00
mateus_S_416,WP_091818561.1,72.727,11,3,0,3,13,8,18,122,29.9,81.82
mateus_S_416,WP_091854671.1,72.727,11,3,0,3,13,8,18,122,29.9,81.82
mateus_S_416,WP_187468202.1,80.000,10,2,0,3,12,9,18,122,29.9,90.00
mateus_S_416,MBE6270080.1,72.727,11,3,0,3,13,10,20,122,29.9,81.82
mateus_S_416,WP_028912938.1,72.727,11,3,0,3,13,10,20,122,29.9,81.82
mateus_S_416,CUP83001.1,72.727,11,3,0,3,13,17,27,122,29.9,81.82
mateus_S_416,EEY83204.1,72.727,11,3,0,3,13,17,27,122,29.9,81.82
mateus_S_416,WP_073209313.1,72.727,11,3,0,3,13,10,20,122,29.9,81.82
mateus_S_416,WP_073209313.1,53.846,13,4,1,2,14,389,399,131354,21.4,69.23
mateus_S_416,SDG62886.1,72.727,11,3,0,3,13,11,21,122,29.9,90.91
mateus_S_416,SDG62886.1,53.846,13,4,1,2,14,388,398,131352,21.4,69.23
mateus_S_416,HHT51746.1,56.250,16,4,1,3,15,12,27,122,29.9,68.75
mateus_S_416,MBE6315075.1,72.727,11,3,0,3,13,9,19,122,29.9,90.91
mateus_S_416,WP_031535015.1,72.727,11,3,0,3,13,10,20,122,29.9,90.91
mateus_S_416,WP_031535015.1,53.846,13,4,1,2,14,387,397,131350,21.4,69.23
mateus_S_416,WP_094389596.1,72.727,11,3,0,3,13,8,18,122,29.9,81.82
mateus_S_416,WP_094464421.1,72.727,11,3,0,3,13,8,18,122,29.9,81.82
mateus_S_416,WP_021667609.1,72.727,11,3,0,3,13,13,23,122,29.9,90.91
mateus_S_416,PKP43444.1,66.667,12,4,0,2,13,7,18,122,29.9,75.00
mateus_S_416,WP_122125701.1,72.727,11,3,0,3,13,11,21,122,29.9,81.82
mateus_S_416,WP_103982576.1,72.727,11,3,0,3,13,10,20,122,29.9,81.82
mateus_S_416,CDD03739.1,72.727,11,3,0,3,13,10,20,122,29.9,81.82
mateus_S_416,WP_118317612.1,72.727,11,3,0,3,13,10,20,122,29.9,81.82
mateus_S_416,WP_102406877.1,72.727,11,3,0,3,13,10,20,122,29.9,81.82
mateus_S_416,WP_099464280.1,72.727,11,3,0,3,13,10,20,122,29.9,81.82
mateus_S_416,WP_060935417.1,72.727,11,3,0,3,13,10,20,122,29.9,90.91
mateus_S_416,MBF1364983.1,72.727,11,3,0,3,13,10,20,122,29.9,90.91
mateus_S_416,MBF1274541.1,72.727,11,3,0,3,13,10,20,122,29.9,90.91
mateus_S_416,MBF1366853.1,72.727,11,3,0,3,13,10,20,122,29.9,90.91
mateus_S_416,MBF1310230.1,72.727,11,3,0,3,13,10,20,122,29.9,90.91
mateus_S_416,MBF1373669.1,72.727,11,3,0,3,13,10,20,122,29.9,90.91
mateus_S_416,WP_044115011.1,72.727,11,3,0,3,13,10,20,122,29.9,90.91
mateus_S_416,MBF1376887.1,72.727,11,3,0,3,13,10,20,122,29.9,90.91
mateus_S_416,WP_027450271.1,72.727,11,3,0,3,13,8,18,122,29.9,81.82
mateus_S_416,MBF1266378.1,72.727,11,3,0,3,13,10,20,122,29.9,90.91
mateus_S_416,MBF1308576.1,72.727,11,3,0,3,13,10,20,122,29.9,90.91
mateus_S_416,MBF1314012.1,72.727,11,3,0,3,13,10,20,122,29.9,90.91
mateus_S_416,MBF1380598.1,72.727,11,3,0,3,13,10,20,122,29.9,90.91
mateus_S_416,WP_188807848.1,72.727,11,3,0,3,13,10,20,122,29.9,90.91
mateus_S_416,MBF1316399.1,72.727,11,3,0,3,13,10,20,122,29.9,90.91
mateus_S_416,MBF1370675.1,72.727,11,3,0,3,13,10,20,122,29.9,90.91
mateus_S_416,MBF1389225.1,72.727,11,3,0,3,13,10,20,122,29.9,90.91
mateus_S_416,MBF1373438.1,72.727,11,3,0,3,13,10,20,122,29.9,90.91
mateus_S_416,MBF1289218.1,72.727,11,3,0,3,13,10,20,122,29.9,90.91
mateus_S_416,MBF1405215.1,72.727,11,3,0,3,13,10,20,122,29.9,90.91
mateus_S_416,WP_027455358.1,72.727,11,3,0,3,13,8,18,122,29.9,81.82
mateus_S_416,WP_163219394.1,66.667,12,4,0,2,13,9,20,122,29.9,83.33
mateus_S_416,MBF1368456.1,72.727,11,3,0,3,13,10,20,122,29.9,90.91
mateus_S_416,MBF1311587.1,72.727,11,3,0,3,13,10,20,122,29.9,90.91
mateus_S_416,WP_009432569.1,72.727,11,3,0,3,13,10,20,122,29.9,90.91
mateus_S_416,MBF1315294.1,72.727,11,3,0,3,13,10,20,122,29.9,90.91
mateus_S_416,WP_042519680.1,72.727,11,3,0,3,13,8,18,122,29.9,81.82
mateus_S_416,MBF1067754.1,72.727,11,3,0,3,13,12,22,122,29.9,90.91
mateus_S_416,WP_007654852.1,72.727,11,3,0,3,13,10,20,122,29.9,81.82
mateus_S_416,WP_010801999.1,72.727,11,3,0,3,13,10,20,122,29.9,81.82
mateus_S_416,WP_028908626.1,72.727,11,3,0,3,13,10,20,122,29.9,81.82
mateus_S_416,WP_028908626.1,53.846,13,4,1,2,14,382,392,131340,21.4,69.23
mateus_S_416,WP_044072433.1,72.727,11,3,0,3,13,8,18,122,29.9,81.82
mateus_S_416,WP_074760804.1,72.727,11,3,0,3,13,10,20,122,29.9,81.82
mateus_S_416,WP_074760804.1,53.846,13,4,1,2,14,382,392,131340,21.4,69.23
mateus_S_416,WP_129698610.1,72.727,11,3,0,3,13,10,20,122,29.9,81.82
mateus_S_416,WP_028729613.1,72.727,11,3,0,3,13,10,20,122,29.9,81.82
mateus_S_416,MBE6265965.1,72.727,11,3,0,3,13,10,20,122,29.9,81.82
mateus_S_416,WP_149972993.1,72.727,11,3,0,3,13,10,20,122,29.9,81.82
mateus_S_416,WP_048315432.1,72.727,11,3,0,3,13,10,20,122,29.9,81.82
mateus_S_416,WP_046145344.1,72.727,11,3,0,3,13,10,20,122,29.9,81.82
mateus_S_416,WP_044064940.1,72.727,11,3,0,3,13,8,18,122,29.9,81.82
mateus_S_416,WP_044079719.1,72.727,11,3,0,3,13,8,18,122,29.9,81.82
mateus_S_416,WP_128133434.1,72.727,11,3,0,3,13,10,20,122,29.9,81.82
mateus_S_416,WP_129729504.1,72.727,11,3,0,3,13,10,20,122,29.9,81.82
mateus_S_416,WP_178243639.1,72.727,11,3,0,3,13,9,19,122,29.9,81.82
mateus_S_416,WP_013063431.1,72.727,11,3,0,3,13,10,20,122,29.9,81.82
mateus_S_416,WP_013063431.1,53.846,13,4,1,2,14,382,392,131340,21.4,69.23
mateus_S_416,OFX22334.1,72.727,11,3,0,3,13,10,20,122,29.9,81.82
mateus_S_416,WP_046148312.1,72.727,11,3,0,3,13,10,20,122,29.9,81.82
mateus_S_416,WP_122354823.1,72.727,11,3,0,3,13,10,20,122,29.9,81.82
mateus_S_416,WP_186959069.1,72.727,11,3,0,3,13,10,20,122,29.9,81.82
mateus_S_416,WP_091840118.1,72.727,11,3,0,3,13,10,20,122,29.9,81.82
mateus_S_416,WP_195370826.1,72.727,11,3,0,3,13,10,20,122,29.9,81.82
mateus_S_416,WP_195437235.1,72.727,11,3,0,3,13,10,20,122,29.9,81.82
mateus_S_416,CDA75296.1,72.727,11,3,0,3,13,9,19,122,29.9,81.82
mateus_S_416,WP_183668832.1,72.727,11,3,0,3,13,10,20,122,29.9,81.82
mateus_S_416,WP_122373524.1,72.727,11,3,0,3,13,10,20,122,29.9,81.82
mateus_S_416,HBA32224.1,72.727,11,3,0,3,13,10,20,122,29.9,81.82
mateus_S_416,WP_033149300.1,72.727,11,3,0,3,13,10,20,122,29.9,81.82
mateus_S_416,WP_033149300.1,53.846,13,4,1,2,14,382,392,131340,21.4,69.23
mateus_S_416,WP_195584241.1,72.727,11,3,0,3,13,10,20,122,29.9,81.82
mateus_S_416,WP_122114806.1,72.727,11,3,0,3,13,8,18,122,29.9,81.82
mateus_S_416,WP_087345978.1,72.727,11,3,0,3,13,8,18,122,29.9,81.82
mateus_S_416,WP_154394914.1,72.727,11,3,0,3,13,8,18,122,29.9,81.82
mateus_S_416,WP_122369044.1,72.727,11,3,0,3,13,8,18,122,29.9,81.82
mateus_S_416,WP_170106342.1,72.727,11,3,0,3,13,8,18,122,29.9,81.82
mateus_S_416,WP_008779359.1,72.727,11,3,0,3,13,8,18,122,29.9,81.82
mateus_S_416,WP_008779359.1,72.727,11,3,0,3,13,8,18,122,29.9,81.82
mateus_S_416,WP_057326593.1,72.727,11,3,0,3,13,8,18,122,29.9,81.82
mateus_S_416,WP_121961447.1,72.727,11,3,0,3,13,8,18,122,29.9,81.82
mateus_S_416,OKZ33187.1,72.727,11,3,0,3,13,8,18,122,29.9,81.82
mateus_S_416,WP_012056162.1,72.727,11,3,0,3,13,8,18,122,29.9,81.82
mateus_S_416,WP_121961247.1,72.727,11,3,0,3,13,8,18,122,29.9,81.82
mateus_S_416,WP_122382995.1,72.727,11,3,0,3,13,8,18,122,29.9,81.82
mateus_S_416,WP_044545984.1,72.727,11,3,0,3,13,8,18,122,29.9,81.82
mateus_S_416,WP_094381126.1,72.727,11,3,0,3,13,8,18,122,29.9,81.82
mateus_S_416,WP_036618246.1,72.727,11,3,0,3,13,8,18,122,29.9,81.82
mateus_S_416,WP_195474260.1,72.727,11,3,0,3,13,8,18,122,29.9,81.82
mateus_S_416,WP_048928157.1,72.727,11,3,0,3,13,8,18,122,29.9,81.82
mateus_S_416,WP_008777933.1,72.727,11,3,0,3,13,8,18,122,29.9,81.82
mateus_S_416,WP_195300669.1,72.727,11,3,0,3,13,8,18,122,29.9,81.82
mateus_S_416,WP_010182051.1,72.727,11,3,0,3,13,8,18,122,29.9,81.82
mateus_S_416,WP_158532364.1,72.727,11,3,0,3,13,8,18,122,29.9,81.82
mateus_S_416,WP_128616843.1,72.727,11,3,0,3,13,8,18,122,29.9,81.82
mateus_S_416,WP_195603790.1,72.727,11,3,0,3,13,8,18,122,29.9,81.82
mateus_S_416,WP_122144005.1,72.727,11,3,0,3,13,8,18,122,29.9,81.82
mateus_S_416,WP_087278596.1,63.636,11,4,0,3,13,7,17,122,29.9,81.82
mateus_S_416,WP_034531547.1,72.727,11,3,0,3,13,8,18,122,29.9,81.82
mateus_S_416,WP_196009202.1,72.727,11,3,0,3,13,8,18,122,29.9,81.82
mateus_S_416,OUO36862.1,63.636,11,4,0,3,13,6,16,122,29.9,81.82
mateus_S_416,MBE6230746.1,72.727,11,3,0,3,13,7,17,122,29.9,81.82
mateus_S_416,WP_055146578.1,72.727,11,3,0,3,13,7,17,122,29.9,81.82
mateus_S_416,MBE6240374.1,72.727,11,3,0,3,13,7,17,122,29.9,81.82
mateus_S_416,HBC80240.1,72.727,11,3,0,3,13,6,16,122,29.9,90.91
mateus_S_416,OFX46304.1,72.727,11,3,0,3,13,9,19,122,29.9,81.82
mateus_S_416,WP_193558563.1,72.727,11,3,0,3,13,7,17,122,29.9,81.82
mateus_S_416,OKZ01323.1,72.727,11,3,0,3,13,7,17,122,29.9,81.82
mateus_S_416,WP_182654569.1,72.727,11,3,0,3,13,7,17,122,29.9,81.82
mateus_S_416,WP_040294560.1,72.727,11,3,0,3,13,7,17,122,29.9,81.82
mateus_S_416,WP_181982248.1,72.727,11,3,0,3,13,7,17,122,29.9,81.82
mateus_S_416,WP_176028970.1,75.000,12,2,1,3,14,159,169,122,29.9,75.00
mateus_S_416,HHW00355.1,66.667,15,3,2,2,15,90,103,122,29.9,73.33
mateus_S_416,PIY09625.1,66.667,12,4,0,2,13,292,303,122,29.9,83.33
mateus_S_416,WP_136550115.1,75.000,12,1,1,4,13,297,308,122,29.9,83.33
mateus_S_416,MAL97261.1,75.000,12,1,1,4,13,297,308,122,29.9,83.33
mateus_S_416,MBE9530066.1,88.889,9,1,0,5,13,6,14,122,29.9,88.89
mateus_S_416,RZB32444.1,88.889,9,1,0,5,13,6,14,122,29.9,88.89
mateus_S_416,NLD08849.1,66.667,12,4,0,2,13,3,14,122,29.9,75.00
mateus_S_416,WP_060205892.1,45.455,22,3,1,3,15,304,325,122,29.9,50.00
mateus_S_416,QAU04488.1,61.538,13,5,0,2,14,171,183,122,29.9,76.92
mateus_S_416,WP_196006268.1,72.727,11,3,0,3,13,8,18,122,29.9,81.82
mateus_S_416,WP_106136556.1,72.727,11,3,0,3,13,226,236,122,29.9,81.82
mateus_S_416,WP_106136556.1,72.727,11,3,0,3,13,226,236,122,29.9,81.82
mateus_S_416,RYF72581.1,72.727,11,3,0,3,13,222,232,122,29.9,81.82
mateus_S_416,WP_171741486.1,72.727,11,3,0,3,13,226,236,122,29.9,81.82
mateus_S_416,WP_169552265.1,72.727,11,3,0,3,13,226,236,122,29.9,81.82
mateus_S_416,WP_085413812.1,72.727,11,3,0,3,13,222,232,122,29.9,81.82
mateus_S_416,WP_166692023.1,72.727,11,3,0,3,13,222,232,122,29.9,81.82
mateus_S_416,HBW47996.1,69.231,13,3,1,1,12,178,190,122,29.9,92.31
mateus_S_416,OIO35603.1,69.231,13,3,1,1,12,178,190,122,29.9,92.31
mateus_S_416,WP_191750732.1,71.429,14,1,2,5,15,156,169,122,29.9,78.57
mateus_S_416,HAN40222.1,72.727,11,3,0,3,13,9,19,122,29.9,90.91
mateus_S_416,WP_104385418.1,71.429,14,3,1,2,14,41,54,122,29.9,78.57
mateus_S_416,MBF1598887.1,72.727,11,3,0,3,13,10,20,122,29.9,81.82
mateus_S_416,MBF1627227.1,72.727,11,3,0,3,13,10,20,122,29.9,81.82
mateus_S_416,MBF1627227.1,72.727,11,3,0,3,13,10,20,122,29.9,81.82
mateus_S_416,BAO50135.1,90.000,10,1,0,1,10,99,108,122,29.9,90.00
mateus_S_416,NRL58364.1,57.143,14,6,0,2,15,86,99,122,29.9,85.71
mateus_S_416,NJO87045.1,72.727,11,3,0,3,13,14,24,122,29.9,81.82
mateus_S_416,MRY77543.1,72.727,11,3,0,3,13,8,18,122,29.9,81.82
mateus_S_416,MBE6882092.1,64.286,14,4,1,1,13,13,26,122,29.9,78.57
mateus_S_416,MBE6900085.1,64.286,14,4,1,1,13,13,26,122,29.9,78.57
mateus_S_416,HAI84872.1,72.727,11,3,0,3,13,9,19,122,29.9,90.91
mateus_S_416,WP_012595942.1,90.000,10,0,1,3,12,460,468,172,29.5,90.00
mateus_S_416,WP_015784690.1,90.000,10,0,1,3,12,460,468,172,29.5,90.00
mateus_S_416,RLD41662.1,66.667,12,4,0,2,13,8,19,172,29.5,83.33
mateus_S_416,MBD5544368.1,64.286,14,5,0,1,14,1357,1370,172,29.5,71.43
mateus_S_416,MBD3636979.1,52.381,21,2,2,3,15,99,119,172,29.5,57.14
mateus_S_416,QEH61763.1,75.000,12,3,0,2,13,804,815,172,29.5,83.33
mateus_S_416,WP_166508148.1,75.000,12,3,0,2,13,801,812,172,29.5,83.33
mateus_S_416,XP_027234879.1,60.000,15,2,1,1,15,427,437,172,29.5,66.67
mateus_S_416,GEU68856.1,56.250,16,4,1,1,13,668,683,172,29.5,75.00
mateus_S_416,ROT61775.1,60.000,15,2,1,1,15,284,294,172,29.5,66.67
mateus_S_416,MBE6852207.1,68.750,16,2,2,3,15,560,575,172,29.5,75.00
mateus_S_416,WP_192435648.1,88.889,9,1,0,5,13,537,545,172,29.5,88.89
mateus_S_416,WP_083620117.1,62.500,16,3,1,2,14,662,677,172,29.5,68.75
mateus_S_416,WP_184545272.1,62.500,16,3,1,2,14,655,670,172,29.5,68.75
mateus_S_416,QLH47159.1,72.727,11,3,0,3,13,408,418,172,29.5,90.91
mateus_S_416,SHN13830.1,62.500,16,3,1,2,14,645,660,172,29.5,68.75
mateus_S_416,WP_142720954.1,60.000,15,2,1,3,13,583,597,172,29.5,66.67
mateus_S_416,WP_052702818.1,88.889,9,1,0,1,9,307,315,172,29.5,100.00
mateus_S_416,TGV00810.1,58.824,17,3,1,3,15,264,280,172,29.5,64.71
mateus_S_416,WP_170179844.1,58.824,17,3,1,3,15,262,278,172,29.5,64.71
mateus_S_416,HHV37399.1,58.824,17,4,1,2,15,504,520,172,29.5,58.82
mateus_S_416,MBV39328.1,66.667,12,4,0,2,13,466,477,172,29.5,83.33
mateus_S_416,MBV39328.1,66.667,12,4,0,2,13,466,477,172,29.5,83.33
mateus_S_416,WP_134839017.1,90.000,10,0,1,3,11,410,419,172,29.5,90.00
mateus_S_416,WP_127774571.1,90.000,10,0,1,3,11,410,419,172,29.5,90.00
mateus_S_416,AZV95523.1,90.000,10,0,1,3,11,404,413,172,29.5,90.00
mateus_S_416,WP_126943939.1,80.000,10,2,0,4,13,173,182,172,29.5,90.00
mateus_S_416,WP_030070060.1,80.000,10,2,0,4,13,173,182,172,29.5,90.00
mateus_S_416,WP_162219457.1,80.000,10,2,0,4,13,173,182,172,29.5,90.00
mateus_S_416,WP_179927523.1,80.000,10,2,0,4,13,173,182,172,29.5,90.00
mateus_S_416,WP_125746266.1,80.000,10,2,0,4,13,173,182,172,29.5,90.00
mateus_S_416,WP_142678129.1,60.000,15,2,1,3,13,406,420,172,29.5,66.67
mateus_S_416,WP_041419601.1,81.818,11,2,0,1,11,242,252,172,29.5,81.82
mateus_S_416,WP_108946156.1,81.818,11,2,0,1,11,242,252,172,29.5,81.82
mateus_S_416,WP_051435597.1,81.818,11,2,0,1,11,242,252,172,29.5,81.82
mateus_S_416,WP_142871349.1,81.818,11,2,0,1,11,242,252,172,29.5,81.82
mateus_S_416,WP_119978142.1,81.818,11,2,0,1,11,240,250,172,29.5,81.82
mateus_S_416,WP_028764163.1,81.818,11,2,0,1,11,240,250,172,29.5,81.82
mateus_S_416,WP_069670462.1,81.818,11,2,0,1,11,240,250,172,29.5,81.82
mateus_S_416,WP_110457123.1,81.818,11,2,0,1,11,240,250,172,29.5,81.82
mateus_S_416,WP_129081451.1,52.632,19,4,1,2,15,138,156,172,29.5,57.89
mateus_S_416,WP_044416591.1,52.632,19,4,1,2,15,138,156,172,29.5,57.89
mateus_S_416,BCB07085.1,80.000,10,2,0,4,13,173,182,172,29.5,90.00
mateus_S_416,MBD5329589.1,66.667,12,4,0,2,13,10,21,172,29.5,91.67
mateus_S_416,MBD5329589.1,66.667,12,4,0,2,13,10,21,172,29.5,91.67
mateus_S_416,WP_028909827.1,66.667,12,4,0,2,13,7,18,172,29.5,83.33
mateus_S_416,WP_024989556.1,66.667,12,4,0,2,13,7,18,172,29.5,75.00
mateus_S_416,MBF1414448.1,72.727,11,3,0,3,13,10,20,172,29.5,81.82
mateus_S_416,MBD5274208.1,66.667,12,4,0,2,13,10,21,172,29.5,91.67
mateus_S_416,WP_009010665.1,72.727,11,3,0,3,13,10,20,172,29.5,81.82
mateus_S_416,WP_107624496.1,72.727,11,3,0,3,13,10,20,172,29.5,81.82
mateus_S_416,MBF1569829.1,72.727,11,3,0,3,13,10,20,172,29.5,81.82
mateus_S_416,WP_089366171.1,72.727,11,3,0,3,13,10,20,172,29.5,81.82
mateus_S_416,WP_091824075.1,66.667,12,4,0,2,13,7,18,172,29.5,75.00
mateus_S_416,WP_018463244.1,72.727,11,3,0,2,12,7,17,172,29.5,81.82
mateus_S_416,HBC28379.1,80.000,10,2,0,3,12,8,17,172,29.5,80.00
mateus_S_416,WP_134270087.1,72.727,11,3,0,3,13,10,20,172,29.5,81.82
mateus_S_416,NBT15458.1,72.727,11,3,0,3,13,12,22,172,29.5,81.82
mateus_S_416,HCF81362.1,88.889,9,1,0,3,11,11,19,172,29.5,88.89
mateus_S_416,WP_071137088.1,88.889,9,1,0,3,11,11,19,172,29.5,88.89
mateus_S_416,WP_126677447.1,66.667,12,4,0,2,13,7,18,172,29.5,83.33
mateus_S_416,WP_073040430.1,66.667,12,4,0,2,13,9,20,172,29.5,83.33
mateus_S_416,WP_020526671.1,66.667,12,4,0,2,13,12,23,172,29.5,75.00
mateus_S_416,WP_163214426.1,75.000,12,3,0,2,13,9,20,172,29.5,83.33
mateus_S_416,HDO27132.1,66.667,12,4,0,2,13,9,20,172,29.5,83.33
mateus_S_416,HCN53275.1,66.667,12,4,0,2,13,7,18,172,29.5,75.00
mateus_S_416,HAY17781.1,72.727,11,3,0,3,13,7,17,172,29.5,72.73
mateus_S_416,MBE6257286.1,72.727,11,3,0,3,13,10,20,172,29.5,81.82
mateus_S_416,WP_072997881.1,66.667,12,4,0,2,13,9,20,172,29.5,75.00
mateus_S_416,SHE32412.1,66.667,12,4,0,2,13,8,19,172,29.5,75.00
mateus_S_416,HFG29373.1,75.000,12,0,1,5,13,161,172,172,29.5,75.00
mateus_S_416,MBE6208155.1,72.727,11,3,0,3,13,7,17,172,29.5,81.82
mateus_S_416,MBE6208155.1,75.000,8,2,0,8,15,306,313,186521,21.0,75.00
mateus_S_416,WP_111898480.1,66.667,12,4,0,2,13,2,13,172,29.5,83.33
mateus_S_416,XP_002494780.1,81.818,11,0,1,5,15,213,221,172,29.5,81.82
mateus_S_416,MSQ79799.1,72.727,11,3,0,3,13,9,19,172,29.5,81.82
mateus_S_416,WP_188770381.1,69.231,13,4,0,1,13,194,206,172,29.5,76.92
mateus_S_416,WP_015028577.1,69.231,13,4,0,1,13,194,206,172,29.5,76.92
mateus_S_416,WP_064197663.1,69.231,13,4,0,1,13,194,206,172,29.5,76.92
mateus_S_416,RLB82633.1,77.778,9,2,0,5,13,6,14,172,29.5,100.00
mateus_S_416,XP_037390230.1,83.333,12,0,2,5,15,26,36,172,29.5,83.33
mateus_S_416,WP_075540441.1,72.727,11,3,0,4,14,153,163,172,29.5,90.91
mateus_S_416,WP_106871847.1,72.727,11,3,0,4,14,153,163,172,29.5,90.91
mateus_S_416,WP_075531783.1,72.727,11,3,0,4,14,153,163,172,29.5,90.91
mateus_S_416,WP_075494847.1,72.727,11,3,0,4,14,153,163,172,29.5,90.91
mateus_S_416,XP_037390231.1,83.333,12,0,2,5,15,16,26,172,29.5,83.33
mateus_S_416,RKN05010.1,75.000,12,3,0,4,15,131,142,172,29.5,75.00
mateus_S_416,WP_183091614.1,75.000,12,3,0,4,15,126,137,172,29.5,75.00
mateus_S_416,NLY03304.1,72.727,11,3,0,4,14,127,137,172,29.5,90.91
mateus_S_416,HAC21672.1,66.667,12,4,0,2,13,8,19,172,29.5,83.33
mateus_S_416,MBH11230.1,80.000,10,2,0,2,11,272,281,172,29.5,80.00
mateus_S_416,RLD71777.1,73.333,15,1,2,2,15,249,261,172,29.5,73.33
mateus_S_416,MBC7390915.1,80.000,10,2,0,6,15,199,208,172,29.5,90.00
mateus_S_416,BAJ00528.1,81.818,11,2,0,1,11,39,49,172,29.5,81.82
mateus_S_416,OQB93131.1,69.231,13,3,1,2,14,241,252,172,29.5,84.62
mateus_S_416,NMB50235.1,66.667,15,2,1,3,14,166,180,172,29.5,66.67
mateus_S_416,NLL67276.1,90.000,10,0,1,6,15,27,35,172,29.5,90.00
mateus_S_416,WP_036448154.1,69.231,13,1,1,2,14,56,65,172,29.5,76.92
mateus_S_416,WP_064871076.1,69.231,13,1,1,2,14,56,65,172,29.5,76.92
mateus_S_416,WP_065509915.1,69.231,13,1,1,2,14,56,65,172,29.5,76.92
mateus_S_416,WP_144984450.1,69.231,13,1,1,2,14,56,65,172,29.5,76.92
mateus_S_416,WP_039323767.1,69.231,13,1,1,2,14,56,65,172,29.5,76.92
mateus_S_416,WP_141865430.1,69.231,13,1,1,3,15,58,67,172,29.5,76.92
mateus_S_416,WP_030136191.1,69.231,13,1,1,3,15,58,67,172,29.5,76.92
mateus_S_416,WP_019510840.1,69.231,13,1,1,3,15,58,67,172,29.5,76.92
mateus_S_416,WP_137144070.1,69.231,13,1,1,3,15,57,66,172,29.5,76.92
mateus_S_416,NCT40936.1,64.286,14,3,1,3,14,68,81,172,29.5,71.43
mateus_S_416,KDE19573.1,69.231,13,1,1,2,14,128,137,172,29.5,76.92
mateus_S_416,WP_125361328.1,52.632,19,1,1,1,11,113,131,172,29.5,57.89
mateus_S_416,WP_094267678.1,75.000,12,1,1,3,14,77,86,172,29.5,75.00
mateus_S_416,WP_144963279.1,69.231,13,2,1,5,15,93,105,172,29.5,76.92
mateus_S_416,HFM57326.1,72.727,11,3,0,2,12,2,12,172,29.5,81.82
mateus_S_416,NBD37301.1,88.889,9,1,0,4,12,130,138,172,29.5,88.89
mateus_S_416,HIC40471.1,72.727,11,3,0,3,13,109,119,172,29.5,90.91
mateus_S_416,NCC19277.1,69.231,13,4,0,2,14,82,94,172,29.5,69.23
mateus_S_416,RLD40383.1,73.333,15,1,2,2,15,72,84,172,29.5,73.33
mateus_S_416,WP_133015825.1,66.667,12,4,0,3,14,27,38,172,29.5,75.00
mateus_S_416,WP_162663087.1,80.000,10,2,0,5,14,91,100,172,29.5,80.00
mateus_S_416,MBE6893556.1,81.818,11,1,1,1,10,13,23,243,29.1,81.82
mateus_S_416,WP_062182978.1,81.818,11,0,1,4,12,79,89,244,29.1,81.82
mateus_S_416,WP_026746340.1,72.727,11,2,1,5,14,59,69,244,29.1,90.91
mateus_S_416,XP_027235514.1,77.778,9,2,0,6,14,106,114,244,29.1,100.00
mateus_S_416,OGF27326.1,52.381,21,3,2,1,14,22,42,244,29.1,57.14
mateus_S_416,NBC82513.1,66.667,15,1,1,2,12,53,67,244,29.1,66.67
mateus_S_416,WP_189347278.1,66.667,15,2,2,4,15,163,177,244,29.1,73.33
mateus_S_416,OGU75953.1,77.778,9,2,0,6,14,32,40,244,29.1,88.89
mateus_S_416,KAF3565672.1,72.727,11,2,1,5,14,60,70,244,29.1,90.91
mateus_S_416,MBE5811157.1,66.667,15,2,2,3,14,85,99,244,29.1,73.33
mateus_S_416,WP_067756016.1,64.286,14,4,1,1,13,153,166,244,29.1,71.43
mateus_S_416,WP_114789201.1,64.286,14,4,1,1,13,153,166,244,29.1,71.43
mateus_S_416,WP_040614915.1,90.000,10,0,1,2,10,70,79,244,29.1,90.00
mateus_S_416,WP_090428112.1,75.000,12,0,1,3,14,57,65,244,29.1,75.00
mateus_S_416,WP_187774906.1,81.818,11,2,0,3,13,110,120,244,29.1,81.82
mateus_S_416,KPA10484.1,90.000,10,0,1,2,11,121,129,244,29.1,90.00
mateus_S_416,TZF82657.1,81.818,11,2,0,3,13,113,123,244,29.1,81.82
mateus_S_416,WP_062703386.1,60.000,15,3,1,1,12,65,79,244,29.1,73.33
mateus_S_416,RYG54247.1,72.727,11,3,0,3,13,27,37,244,29.1,81.82
mateus_S_416,WP_027415678.1,60.000,15,3,1,3,14,166,180,244,29.1,66.67
mateus_S_416,WP_027845071.1,71.429,14,1,2,3,13,126,139,244,29.1,78.57
mateus_S_416,ROT61405.1,77.778,9,2,0,6,14,250,258,244,29.1,100.00
mateus_S_416,MBR33991.1,64.286,14,5,0,1,14,13,26,244,29.1,71.43
mateus_S_416,HBS10725.1,77.778,9,2,0,6,14,233,241,244,29.1,100.00
mateus_S_416,TRM59646.1,69.231,13,4,0,2,14,95,107,244,29.1,76.92
mateus_S_416,WP_066778987.1,69.231,13,1,1,2,11,131,143,244,29.1,76.92
mateus_S_416,WP_124134325.1,69.231,13,1,1,2,11,131,143,244,29.1,76.92
mateus_S_416,KKR88978.1,66.667,15,2,1,1,15,162,173,244,29.1,73.33
mateus_S_416,RYY43281.1,72.727,11,3,0,3,13,8,18,244,29.1,81.82
mateus_S_416,KAF3566104.1,57.143,14,6,0,1,14,71,84,244,29.1,71.43
mateus_S_416,WP_102758068.1,58.824,17,4,1,2,15,86,102,244,29.1,64.71
mateus_S_416,PYK31118.1,66.667,12,4,0,2,13,4,15,244,29.1,75.00
mateus_S_416,MQG04864.1,66.667,12,4,0,3,14,307,318,244,29.1,75.00
mateus_S_416,WP_194846484.1,80.000,10,2,0,4,13,135,144,244,29.1,80.00
mateus_S_416,TNC48125.1,80.000,10,2,0,4,13,139,148,244,29.1,80.00
mateus_S_416,WP_148840877.1,80.000,10,2,0,4,13,140,149,244,29.1,80.00
mateus_S_416,WP_013909500.1,72.727,11,3,0,3,13,10,20,244,29.1,81.82
mateus_S_416,WP_006651607.1,73.333,15,1,2,4,15,133,147,244,29.1,73.33
mateus_S_416,NP_493813.2,72.727,11,3,0,4,14,170,180,244,29.1,81.82
mateus_S_416,WP_071399863.1,73.333,15,1,2,4,15,133,147,244,29.1,73.33
mateus_S_416,WP_004213837.1,73.333,15,1,2,4,15,133,147,244,29.1,73.33
mateus_S_416,HAZ98680.1,80.000,10,2,0,4,13,73,82,244,29.1,80.00
mateus_S_416,WP_011961141.1,58.333,12,5,0,3,14,29,40,244,29.1,91.67
mateus_S_416,WP_155587496.1,58.333,12,5,0,3,14,29,40,244,29.1,91.67
mateus_S_416,PKL31670.1,75.000,12,2,1,1,12,13,23,244,29.1,75.00
mateus_S_416,WP_110816936.1,58.333,12,5,0,3,14,29,40,244,29.1,91.67
mateus_S_416,WP_028859761.1,58.333,12,5,0,3,14,31,42,244,29.1,91.67
mateus_S_416,WP_077448008.1,58.333,12,5,0,3,14,29,40,244,29.1,91.67
mateus_S_416,WP_077449938.1,58.333,12,5,0,3,14,33,44,244,29.1,91.67
mateus_S_416,PAA86173.1,88.889,9,1,0,2,10,208,216,244,29.1,88.89
mateus_S_416,NP_504676.2,72.727,11,3,0,4,14,215,225,244,29.1,81.82
mateus_S_416,SKC48608.1,72.727,11,3,0,3,13,7,17,244,29.1,81.82
mateus_S_416,MBE6233837.1,72.727,11,3,0,3,13,7,17,244,29.1,81.82
mateus_S_416,WP_092436661.1,80.000,10,2,0,3,12,8,17,244,29.1,80.00
mateus_S_416,CDA94478.1,72.727,11,3,0,3,13,7,17,244,29.1,81.82
mateus_S_416,CDC63437.1,72.727,11,3,0,3,13,7,17,244,29.1,81.82
mateus_S_416,CCZ43912.1,72.727,11,3,0,3,13,7,17,244,29.1,81.82
mateus_S_416,PKP04028.1,80.000,10,2,0,3,12,8,17,244,29.1,80.00
mateus_S_416,SDB98580.1,80.000,10,2,0,3,12,10,19,244,29.1,80.00
mateus_S_416,WP_094383615.1,80.000,10,2,0,3,12,8,17,244,29.1,80.00
mateus_S_416,KWW29660.1,80.000,10,2,0,3,12,10,19,244,29.1,90.00
mateus_S_416,WP_081439494.1,72.727,11,3,0,3,13,8,18,244,29.1,90.91
mateus_S_416,HAN77289.1,72.727,11,3,0,3,13,13,23,244,29.1,81.82
mateus_S_416,MBE0650139.1,72.727,11,3,0,3,13,8,18,244,29.1,81.82
mateus_S_416,WP_091765209.1,72.727,11,3,0,3,13,10,20,244,29.1,81.82
mateus_S_416,NUQ25917.1,72.727,11,3,0,3,13,8,18,244,29.1,81.82
mateus_S_416,WP_036912129.1,72.727,11,3,0,3,13,10,20,244,29.1,81.82
mateus_S_416,WP_122361028.1,72.727,11,3,0,3,13,10,20,244,29.1,81.82
mateus_S_416,MAE09078.1,80.000,10,2,0,3,12,9,18,244,29.1,80.00
mateus_S_416,EFM02607.1,72.727,11,3,0,3,13,10,20,244,29.1,90.91
mateus_S_416,NDV94637.1,72.727,11,3,0,3,13,11,21,244,29.1,81.82
mateus_S_416,NQU84603.1,72.727,11,3,0,2,12,12,22,244,29.1,81.82
mateus_S_416,HAW06721.1,72.727,11,3,0,3,13,11,21,244,29.1,81.82
mateus_S_416,MBE6306755.1,72.727,11,3,0,3,13,9,19,244,29.1,81.82
mateus_S_416,HAO62890.1,80.000,10,2,0,3,12,12,21,244,29.1,80.00
mateus_S_416,MBE6335269.1,72.727,11,3,0,3,13,10,20,244,29.1,81.82
mateus_S_416,OJW77675.1,72.727,11,3,0,3,13,8,18,244,29.1,81.82
mateus_S_416,HCS86913.1,72.727,11,3,0,3,13,6,16,244,29.1,81.82
mateus_S_416,XP_004301944.1,88.889,9,1,0,6,14,313,321,244,29.1,88.89
mateus_S_416,WP_189176830.1,81.818,11,1,1,5,14,51,61,244,29.1,81.82
mateus_S_416,XP_011013206.1,70.000,10,3,0,5,14,98,107,244,29.1,90.00
mateus_S_416,WP_164324915.1,81.818,11,1,1,5,14,51,61,244,29.1,81.82
mateus_S_416,WP_158999243.1,64.286,14,4,1,2,14,386,399,244,29.1,71.43
mateus_S_416,MBE6338480.1,72.727,11,3,0,3,13,10,20,244,29.1,81.82
mateus_S_416,WP_036853935.1,80.000,10,2,0,3,12,10,19,244,29.1,80.00
mateus_S_416,WP_004336589.1,72.727,11,3,0,3,13,10,20,244,29.1,81.82
mateus_S_416,WP_019035530.1,80.000,10,2,0,3,12,10,19,244,29.1,80.00
mateus_S_416,WP_044112352.1,80.000,10,2,0,3,12,10,19,244,29.1,80.00
mateus_S_416,WP_008448657.1,80.000,10,2,0,3,12,10,19,244,29.1,80.00
mateus_S_416,WP_004354540.1,80.000,10,2,0,3,12,10,19,244,29.1,80.00
mateus_S_416,WP_021673046.1,80.000,10,2,0,3,12,10,19,244,29.1,80.00
mateus_S_416,WP_118865682.1,80.000,10,2,0,3,12,10,19,244,29.1,80.00
mateus_S_416,WP_061315512.1,72.727,11,3,0,3,13,10,20,244,29.1,81.82
mateus_S_416,WP_036854248.1,80.000,10,2,0,3,12,10,19,244,29.1,80.00
mateus_S_416,WP_036861900.1,72.727,11,3,0,3,13,10,20,244,29.1,81.82
mateus_S_416,WP_116979040.1,88.889,9,1,0,6,14,68,76,244,29.1,88.89
mateus_S_416,AEA20478.1,80.000,10,2,0,3,12,23,32,244,29.1,80.00
mateus_S_416,ORX57436.1,58.824,17,5,1,1,15,88,104,244,29.1,64.71
mateus_S_416,WP_072890805.1,81.818,11,1,1,1,11,333,342,244,29.1,81.82
mateus_S_416,WP_097027654.1,69.231,13,4,0,3,15,41,53,244,29.1,76.92
mateus_S_416,NOR16169.1,69.231,13,3,1,2,14,15,26,244,29.1,76.92
mateus_S_416,TET62947.1,69.231,13,3,1,2,14,15,26,244,29.1,76.92
mateus_S_416,SAM02891.1,58.824,17,5,1,1,15,87,103,244,29.1,64.71
mateus_S_416,WP_103661816.1,61.538,13,4,1,3,15,195,206,244,29.1,84.62
mateus_S_416,WP_097195716.1,77.778,9,2,0,5,13,137,145,244,29.1,88.89
mateus_S_416,ORZ11476.1,58.824,17,5,1,1,15,90,106,244,29.1,64.71
mateus_S_416,WP_042143004.1,80.000,10,2,0,1,10,136,145,244,29.1,80.00
mateus_S_416,WP_082305756.1,80.000,10,2,0,1,10,137,146,244,29.1,80.00
mateus_S_416,PAA48385.1,88.889,9,1,0,2,10,4,12,244,29.1,88.89
mateus_S_416,WP_027090047.1,50.000,18,4,1,2,14,287,304,244,29.1,61.11
mateus_S_416,GFP60215.1,64.286,14,2,1,4,14,380,393,244,29.1,71.43
mateus_S_416,RNA23057.1,72.727,11,3,0,5,15,128,138,244,29.1,81.82
mateus_S_416,XP_024755551.1,64.286,14,2,1,4,14,397,410,244,29.1,71.43
mateus_S_416,WP_066152169.1,71.429,14,2,1,1,14,481,492,244,29.1,71.43
mateus_S_416,WP_063337109.1,55.000,20,1,2,2,15,509,526,244,29.1,60.00
mateus_S_416,WP_046017296.1,55.000,20,1,2,2,15,509,526,244,29.1,60.00
mateus_S_416,WP_087720952.1,77.778,9,2,0,5,13,177,185,244,29.1,88.89
mateus_S_416,WP_119215372.1,72.727,11,3,0,5,15,252,262,244,29.1,81.82
mateus_S_416,MBD9166166.1,72.727,11,3,0,5,15,252,262,244,29.1,81.82
mateus_S_416,WP_005645298.1,72.727,11,3,0,5,15,252,262,244,29.1,81.82
mateus_S_416,WP_122121732.1,72.727,11,3,0,5,15,252,262,244,29.1,81.82
mateus_S_416,WP_008146915.1,72.727,11,3,0,5,15,252,262,244,29.1,81.82
mateus_S_416,WP_195485448.1,72.727,11,3,0,5,15,252,262,244,29.1,81.82
mateus_S_416,WP_148477409.1,72.727,11,3,0,5,15,252,262,244,29.1,81.82
mateus_S_416,WP_122202883.1,72.727,11,3,0,5,15,252,262,244,29.1,81.82
mateus_S_416,CCY74651.1,73.333,15,1,2,3,14,344,358,244,29.1,73.33
mateus_S_416,HEO65703.1,88.889,9,1,0,5,13,175,183,244,29.1,88.89
mateus_S_416,WP_014410093.1,90.000,10,0,1,2,10,70,79,244,29.1,90.00
mateus_S_416,WP_012149360.1,90.000,10,0,1,2,10,70,79,244,29.1,90.00
mateus_S_416,WP_016770017.1,90.000,10,0,1,2,10,70,79,244,29.1,90.00
mateus_S_416,WP_014408411.1,90.000,10,0,1,2,10,70,79,244,29.1,90.00
mateus_S_416,WP_014412972.1,90.000,10,0,1,2,10,70,79,244,29.1,90.00
mateus_S_416,WP_010977045.1,90.000,10,0,1,2,10,70,79,244,29.1,90.00
mateus_S_416,WP_004996185.1,90.000,10,0,1,2,10,70,79,244,29.1,90.00
mateus_S_416,WP_040257362.1,90.000,10,0,1,2,10,70,79,244,29.1,90.00
mateus_S_416,KJV81193.1,90.000,10,0,1,2,10,70,79,244,29.1,90.00
mateus_S_416,WP_014366021.1,90.000,10,0,1,2,10,70,79,244,29.1,90.00
mateus_S_416,WP_011190749.1,90.000,10,0,1,2,10,70,79,244,29.1,90.00
mateus_S_416,WP_041079407.1,90.000,10,0,1,2,10,70,79,244,29.1,90.00
mateus_S_416,WP_014014094.1,90.000,10,0,1,2,10,70,79,244,29.1,90.00
mateus_S_416,WP_012152621.1,90.000,10,0,1,2,10,70,79,244,29.1,90.00
mateus_S_416,ACB30222.1,90.000,10,0,1,2,10,70,79,244,29.1,90.00
mateus_S_416,WP_010423476.1,90.000,10,0,1,2,10,70,79,244,29.1,90.00
mateus_S_416,WP_012736767.1,90.000,10,0,1,2,10,70,79,244,29.1,90.00
mateus_S_416,WP_017443180.1,90.000,10,0,1,2,10,70,79,244,29.1,90.00
mateus_S_416,WP_011270801.1,90.000,10,0,1,2,10,70,79,244,29.1,90.00
mateus_S_416,WP_004597372.1,90.000,10,0,1,2,10,70,79,244,29.1,90.00
mateus_S_416,WP_045805413.1,90.000,10,0,1,2,10,70,79,244,29.1,90.00
mateus_S_416,WP_014410530.1,90.000,10,0,1,2,10,70,79,244,29.1,90.00
mateus_S_416,WP_016945574.1,90.000,10,0,1,2,10,70,79,244,29.1,90.00
mateus_S_416,WP_146708960.1,90.000,10,0,1,2,10,70,79,244,29.1,90.00
mateus_S_416,WP_016916607.1,90.000,10,0,1,2,10,70,79,244,29.1,90.00
mateus_S_416,WP_103897247.1,90.000,10,0,1,2,10,70,79,244,29.1,90.00
mateus_S_416,WP_064429004.1,90.000,10,0,1,2,10,70,79,244,29.1,90.00
mateus_S_416,WP_147142785.1,90.000,10,0,1,2,10,70,79,244,29.1,90.00
mateus_S_416,WP_064463396.1,90.000,10,0,1,2,10,70,79,244,29.1,90.00
mateus_S_416,WP_037214282.1,90.000,10,0,1,2,10,70,79,244,29.1,90.00
mateus_S_416,WP_032139525.1,90.000,10,0,1,2,10,70,79,244,29.1,90.00
mateus_S_416,WP_023508009.1,90.000,10,0,1,2,10,70,79,244,29.1,90.00
mateus_S_416,WP_045804051.1,90.000,10,0,1,2,10,70,79,244,29.1,90.00
mateus_S_416,WP_121620377.1,62.500,16,1,2,3,15,500,513,244,29.1,68.75
mateus_S_416,WP_157208980.1,58.824,17,3,2,3,15,247,263,244,29.1,64.71
mateus_S_416,WP_013419454.1,77.778,9,2,0,5,13,120,128,244,29.1,88.89
mateus_S_416,WP_127079927.1,77.778,9,2,0,5,13,120,128,244,29.1,88.89
mateus_S_416,WP_037240902.1,77.778,9,2,0,5,13,120,128,244,29.1,88.89
mateus_S_416,PAA84589.1,88.889,9,1,0,2,10,134,142,244,29.1,88.89
mateus_S_416,HBZ86298.1,88.889,9,1,0,5,13,216,224,244,29.1,88.89
mateus_S_416,OGF05927.1,88.889,9,1,0,5,13,216,224,244,29.1,88.89
mateus_S_416,MPV85434.1,57.895,19,2,2,2,14,552,570,244,29.1,63.16
mateus_S_416,PAA56859.1,88.889,9,1,0,2,10,264,272,244,29.1,88.89
mateus_S_416,PAA94718.1,88.889,9,1,0,2,10,264,272,244,29.1,88.89
mateus_S_416,PAA70625.1,88.889,9,1,0,2,10,264,272,244,29.1,88.89
mateus_S_416,CDY22047.1,57.143,14,6,0,1,14,73,86,244,29.1,71.43
mateus_S_416,XP_009111292.1,57.143,14,6,0,1,14,73,86,244,29.1,71.43
mateus_S_416,WP_127065969.1,45.833,24,1,2,3,14,66,89,244,29.1,50.00
mateus_S_416,WP_013656232.1,45.833,24,1,2,3,14,66,89,244,29.1,50.00
mateus_S_416,RLD12223.1,64.286,14,2,1,2,15,469,479,244,29.1,71.43
mateus_S_416,MBE6127175.1,90.000,10,0,1,2,11,617,625,244,29.1,90.00
mateus_S_416,WP_108553293.1,90.000,10,0,1,1,10,423,431,244,29.1,90.00
mateus_S_416,MBE5848732.1,90.000,10,0,1,2,11,617,625,244,29.1,90.00
mateus_S_416,HCS01728.1,73.333,15,1,2,3,14,558,572,244,29.1,73.33
mateus_S_416,HBM30377.1,73.333,15,1,2,3,14,558,572,244,29.1,73.33
mateus_S_416,MBD9061729.1,73.333,15,1,2,3,14,558,572,244,29.1,73.33
mateus_S_416,MBD5115533.1,73.333,15,1,2,3,14,559,573,244,29.1,73.33
mateus_S_416,MBE6842254.1,68.750,16,2,2,3,15,560,575,244,29.1,75.00
mateus_S_416,WP_097806085.1,75.000,12,0,1,2,13,632,640,244,29.1,75.00
mateus_S_416,CCY20042.1,73.333,15,1,2,3,14,572,586,244,29.1,73.33
mateus_S_416,ALD16271.1,88.889,9,1,0,2,10,485,493,244,29.1,88.89
mateus_S_416,XP_011009437.1,70.000,10,3,0,5,14,98,107,244,29.1,90.00
mateus_S_416,XP_034911739.1,70.000,10,3,0,5,14,98,107,244,29.1,90.00
mateus_S_416,XP_002302717.3,70.000,10,3,0,5,14,98,107,244,29.1,90.00
mateus_S_416,WP_194041170.1,76.923,13,2,1,2,13,363,375,244,29.1,84.62
mateus_S_416,NQU34385.1,66.667,12,4,0,3,14,886,897,244,29.1,83.33
mateus_S_416,WP_026488305.1,75.000,12,2,1,3,14,773,783,244,29.1,83.33
mateus_S_416,PAA82626.1,88.889,9,1,0,2,10,677,685,244,29.1,88.89
mateus_S_416,WP_002775055.1,75.000,12,2,1,1,12,13,23,244,29.1,75.00
mateus_S_416,ALD16273.1,88.889,9,1,0,2,10,996,1004,244,29.1,88.89
mateus_S_416,ALD16272.1,88.889,9,1,0,2,10,996,1004,244,29.1,88.89
mateus_S_416,MAG76930.1,70.000,10,3,0,5,14,1312,1321,244,29.1,100.00
mateus_S_416,WP_013054323.1,77.778,9,2,0,6,14,870,878,244,29.1,88.89
mateus_S_416,QFG74550.1,69.231,13,0,1,5,13,563,575,244,29.1,69.23
mateus_S_416,QFG74550.1,85.714,7,1,0,2,8,743,749,132004,21.4,85.71
mateus_S_416,PAA64473.1,88.889,9,1,0,2,10,1422,1430,244,29.1,88.89
mateus_S_416,WP_131018806.1,66.667,12,4,0,4,15,1833,1844,244,29.1,91.67
mateus_S_416,WP_075753439.1,55.000,20,1,2,1,15,2306,2322,244,29.1,60.00
mateus_S_416,MBA2369419.1,64.706,17,2,2,1,14,55,70,344,28.6,70.59
mateus_S_416,HCW07739.1,72.727,11,3,0,3,13,9,19,345,28.6,72.73
mateus_S_416,XP_018467504.1,70.000,10,3,0,5,14,86,95,345,28.6,90.00
mateus_S_416,RIA97068.1,64.286,14,0,1,5,13,26,39,345,28.6,64.29
mateus_S_416,KFY34444.1,60.000,15,3,1,3,14,79,93,345,28.6,66.67
mateus_S_416,KZV86768.1,87.500,8,1,0,5,12,100,107,345,28.6,100.00
mateus_S_416,XP_018466649.1,70.000,10,3,0,5,14,84,93,345,28.6,90.00
mateus_S_416,GHP07406.1,60.000,15,3,1,3,14,38,52,345,28.6,66.67
mateus_S_416,WP_101581799.1,75.000,12,1,1,1,12,96,105,345,28.6,83.33
mateus_S_416,NNK85559.1,70.000,10,3,0,5,14,6,15,345,28.6,90.00
mateus_S_416,WP_106069889.1,88.889,9,1,0,4,12,2,10,345,28.6,88.89
mateus_S_416,HDZ04179.1,69.231,13,4,0,1,13,48,60,345,28.6,84.62
mateus_S_416,MBA3674748.1,50.000,20,3,1,2,14,96,115,345,28.6,55.00
mateus_S_416,WP_135995807.1,88.889,9,1,0,4,12,61,69,345,28.6,88.89
mateus_S_416,PKL15582.1,81.818,11,1,1,3,12,90,100,345,28.6,81.82
mateus_S_416,HBN84724.1,45.000,20,3,1,2,13,106,125,345,28.6,60.00
mateus_S_416,RSH89221.1,77.778,9,2,0,5,13,150,158,345,28.6,88.89
mateus_S_416,WP_138532736.1,71.429,14,2,1,3,14,169,182,345,28.6,71.43
mateus_S_416,NLB92191.1,77.778,9,2,0,6,14,165,173,345,28.6,88.89
mateus_S_416,WP_165463498.1,69.231,13,3,1,4,15,148,160,345,28.6,84.62
mateus_S_416,WP_124801694.1,81.818,11,1,1,2,11,74,84,345,28.6,81.82
mateus_S_416,WP_123281430.1,81.818,11,1,1,2,11,74,84,345,28.6,81.82
mateus_S_416,HAP94441.1,81.818,11,1,1,2,11,74,84,345,28.6,81.82
mateus_S_416,WP_089768398.1,81.818,11,1,1,2,11,74,84,345,28.6,81.82
mateus_S_416,WP_124987116.1,81.818,11,1,1,2,11,74,84,345,28.6,81.82
mateus_S_416,OJX32323.1,81.818,11,1,1,2,11,74,84,345,28.6,81.82
mateus_S_416,BAY83656.1,71.429,14,1,1,3,13,125,138,345,28.6,71.43
mateus_S_416,WP_096656600.1,71.429,14,1,1,3,13,126,139,345,28.6,71.43
mateus_S_416,GEU76516.1,87.500,8,1,0,6,13,162,169,345,28.6,100.00
mateus_S_416,PSO45468.1,87.500,8,1,0,5,12,94,101,345,28.6,100.00
mateus_S_416,WP_107476912.1,75.000,12,0,1,3,14,298,306,345,28.6,75.00
mateus_S_416,OYT11161.1,69.231,13,3,1,2,13,276,288,345,28.6,76.92
mateus_S_416,MBB1535097.1,77.778,9,2,0,3,11,146,154,345,28.6,88.89
mateus_S_416,TAK34680.1,60.000,15,0,1,6,14,282,296,345,28.6,60.00
mateus_S_416,OHA89303.1,87.500,8,1,0,5,12,126,133,345,28.6,100.00
mateus_S_416,OAA74477.1,80.000,10,2,0,5,14,213,222,345,28.6,90.00
mateus_S_416,MBF0229280.1,81.818,11,2,0,2,12,293,303,345,28.6,81.82
mateus_S_416,RZJ98968.1,52.632,19,4,2,2,15,69,87,345,28.6,68.42
mateus_S_416,OGF64886.1,72.727,11,3,0,4,14,131,141,345,28.6,81.82
mateus_S_416,MBF0376453.1,81.818,11,2,0,2,12,299,309,345,28.6,81.82
mateus_S_416,WP_191693628.1,45.455,22,3,1,3,15,304,325,345,28.6,50.00
mateus_S_416,MBE6148854.1,63.636,11,4,0,3,13,3,13,345,28.6,81.82
mateus_S_416,NPA73955.1,60.000,15,2,1,2,12,95,109,345,28.6,66.67
mateus_S_416,XP_006804684.1,75.000,12,2,1,5,15,5,16,345,28.6,75.00
mateus_S_416,XP_006800011.1,75.000,12,2,1,5,15,6,17,345,28.6,75.00
mateus_S_416,WP_119733365.1,42.857,21,4,1,1,13,141,161,345,28.6,57.14
mateus_S_416,WP_064016487.1,42.857,21,4,1,1,13,141,161,345,28.6,57.14
mateus_S_416,YP_009226318.1,42.857,21,4,1,1,13,141,161,345,28.6,57.14
mateus_S_416,OUW80559.1,77.778,9,2,0,5,13,9,17,345,28.6,100.00
mateus_S_416,RCL38081.1,77.778,9,2,0,5,13,9,17,345,28.6,100.00
mateus_S_416,NNK84079.1,70.000,10,3,0,5,14,6,15,345,28.6,90.00
mateus_S_416,NNL41116.1,70.000,10,3,0,5,14,6,15,345,28.6,90.00
mateus_S_416,NBO03494.1,87.500,8,1,0,5,12,6,13,345,28.6,100.00
mateus_S_416,NDE45147.1,87.500,8,1,0,5,12,6,13,345,28.6,100.00
mateus_S_416,EFK06712.1,72.727,11,3,0,2,12,3,13,345,28.6,81.82
mateus_S_416,TES93749.1,87.500,8,1,0,5,12,6,13,345,28.6,100.00
mateus_S_416,NQT10129.1,70.000,10,3,0,5,14,6,15,345,28.6,90.00
mateus_S_416,MBE7051298.1,66.667,15,2,2,2,14,261,274,345,28.6,73.33
mateus_S_416,HAP51279.1,72.727,11,3,0,3,13,9,19,345,28.6,81.82
mateus_S_416,WP_163318385.1,63.636,11,4,0,3,13,11,21,345,28.6,81.82
mateus_S_416,WP_066532260.1,75.000,12,0,1,3,11,399,410,345,28.6,75.00
mateus_S_416,XP_029952095.1,72.727,11,3,0,3,13,348,358,345,28.6,81.82
mateus_S_421,6ZGH_A,100.000,15,0,0,1,15,452,466,4.63e-07,53.7,100.00
mateus_S_421,QIG55857.1,100.000,15,0,0,1,15,421,435,4.63e-07,53.7,100.00
mateus_S_421,QJE37812.1,100.000,15,0,0,1,15,421,435,4.63e-07,53.7,100.00
mateus_S_421,QKY12177.1,100.000,15,0,0,1,15,425,439,4.66e-07,53.7,100.00
mateus_S_421,QNS17503.1,100.000,15,0,0,1,15,139,153,4.75e-07,53.7,100.00
mateus_S_421,QJE37811.1,100.000,15,0,0,1,15,117,131,4.76e-07,53.7,100.00
mateus_S_421,ACJ60694.1,100.000,15,0,0,1,15,412,426,4.63e-07,53.7,100.00
mateus_S_421,ACJ60703.1,86.667,15,2,0,1,15,412,426,4.61e-04,45.2,86.67
mateus_S_421,ACJ60681.1,86.667,15,2,0,1,15,408,422,4.61e-04,45.2,86.67
mateus_S_421,AAS75868.1,86.667,15,2,0,1,15,408,422,4.61e-04,45.2,86.67
mateus_S_421,ABY85258.1,86.667,15,2,0,1,15,408,422,4.61e-04,45.2,86.67
mateus_S_421,QKY12178.1,86.667,15,2,0,1,15,425,439,4.63e-04,45.2,86.67
mateus_S_421,AAW56614.1,86.667,15,2,0,1,15,408,422,4.64e-04,45.2,86.67
mateus_S_421,MBC8326782.1,66.667,15,2,1,1,15,237,248,122,29.9,73.33
mateus_S_421,WP_188460157.1,100.000,7,0,0,1,7,394,400,694,27.8,100.00
mateus_S_421,WP_183307394.1,87.500,8,1,0,1,8,58,65,693,27.8,87.50
mateus_S_421,MBB4036298.1,87.500,8,1,0,1,8,14,21,693,27.8,87.50
mateus_S_421,OGF44966.1,83.333,12,0,1,1,10,377,388,7.5,33.3,83.33
mateus_S_421,XP_023004450.1,88.889,9,1,0,1,9,99,107,15,32.5,100.00
mateus_S_421,XP_022960057.1,88.889,9,1,0,1,9,99,107,15,32.5,100.00
mateus_S_421,XP_023514378.1,88.889,9,1,0,1,9,98,106,15,32.5,100.00
mateus_S_421,KYQ89361.1,75.000,12,0,1,1,9,177,188,121,29.9,75.00
mateus_S_421,WP_165020180.1,87.500,8,1,0,1,8,14,21,693,27.8,87.50
mateus_S_421,WP_165044145.1,87.500,8,1,0,1,8,14,21,693,27.8,87.50
mateus_S_421,OJJ39953.1,80.000,10,2,0,1,10,271,280,11,32.9,100.00
mateus_S_421,OJX65290.1,87.500,8,1,0,1,8,14,21,693,27.8,87.50
mateus_S_421,SBW02602.1,87.500,8,1,0,1,8,14,21,693,27.8,87.50
mateus_S_421,WP_006841724.1,87.500,8,1,0,1,8,14,21,693,27.8,87.50
mateus_S_421,WP_154301360.1,56.250,16,1,1,1,10,145,160,244,29.1,62.50
mateus_S_421,SCU89124.1,88.889,9,1,0,1,9,290,298,15,32.5,100.00
mateus_S_421,KMZ68698.1,80.000,10,2,0,1,10,192,201,15,32.5,90.00
mateus_S_421,PVZ98870.1,100.000,8,0,0,1,8,278,285,43,31.2,100.00
mateus_S_421,XP_024120166.1,69.231,13,1,1,1,10,14,26,345,28.6,69.23
mateus_S_421,CCZ82369.1,100.000,8,0,0,3,10,346,353,86,30.3,100.00
mateus_S_421,SHF77517.1,87.500,8,1,0,1,8,20,27,693,27.8,87.50
mateus_S_421,WP_062182178.1,87.500,8,1,0,1,8,14,21,693,27.8,87.50
mateus_S_421,WP_091373033.1,87.500,8,1,0,1,8,79,86,345,28.6,100.00
mateus_S_421,XP_002507540.1,87.500,8,1,0,2,9,40,47,488,28.2,100.00
mateus_S_421,WP_018449990.1,75.000,12,2,1,1,11,60,71,172,29.5,83.33
mateus_S_421,CDC60331.1,87.500,8,1,0,1,8,127,134,693,27.8,87.50
mateus_S_421,NLY05966.1,100.000,8,0,0,2,9,144,151,61,30.8,100.00
mateus_S_421,BAZ40631.1,75.000,12,0,1,1,9,242,253,122,29.9,75.00
mateus_S_421,NQU35481.1,88.889,9,1,0,1,9,247,255,61,30.8,88.89
mateus_S_421,WP_103271895.1,100.000,8,0,0,2,9,106,113,61,30.8,100.00
mateus_S_421,HAN78565.1,88.889,9,1,0,2,10,271,279,61,30.8,88.89
mateus_S_421,XP_026398423.1,77.778,9,2,0,1,9,151,159,981,27.4,77.78
mateus_S_421,NIP40031.1,100.000,8,0,0,2,9,90,97,61,30.8,100.00
mateus_S_421,RZK15353.1,88.889,9,1,0,1,9,96,104,172,29.5,88.89
mateus_S_421,RZJ91761.1,88.889,9,1,0,2,10,1342,1350,86,30.3,100.00
mateus_S_421,KAF4769567.1,77.778,9,2,0,1,9,312,320,121,29.9,100.00
mateus_S_421,KOS43160.1,80.000,10,2,0,1,10,282,291,86,30.3,90.00
mateus_S_421,MBD3671099.1,88.889,9,1,0,1,9,153,161,86,30.3,88.89
mateus_S_421,KAF2074996.1,88.889,9,1,0,2,10,354,362,86,30.3,88.89
mateus_S_421,WP_026860670.1,88.889,9,1,0,1,9,327,335,86,30.3,88.89
mateus_S_421,WP_034775847.1,88.889,9,1,0,1,9,327,335,86,30.3,88.89
mateus_S_421,WP_126833643.1,88.889,9,1,0,1,9,327,335,86,30.3,88.89
mateus_S_421,WP_034730747.1,88.889,9,1,0,1,9,327,335,86,30.3,88.89
mateus_S_421,WP_126773446.1,88.889,9,1,0,1,9,327,335,86,30.3,88.89
mateus_S_421,WP_173920677.1,88.889,9,1,0,1,9,327,335,86,30.3,88.89
mateus_S_421,WP_126764115.1,88.889,9,1,0,1,9,327,335,86,30.3,88.89
mateus_S_421,WP_128352791.1,88.889,9,1,0,1,9,327,335,86,30.3,88.89
mateus_S_421,WP_086435084.1,88.889,9,1,0,1,9,327,335,86,30.3,88.89
mateus_S_421,WP_156267510.1,88.889,9,1,0,1,9,327,335,86,30.3,88.89
mateus_S_421,WP_110075514.1,88.889,9,1,0,1,9,327,335,86,30.3,88.89
mateus_S_421,PHR66262.1,88.889,9,1,0,1,9,327,335,86,30.3,88.89
mateus_S_421,WP_153826895.1,88.889,9,1,0,1,9,327,335,86,30.3,88.89
mateus_S_421,OZB04543.1,88.889,9,1,0,1,9,327,335,86,30.3,88.89
mateus_S_421,WP_126760131.1,88.889,9,1,0,1,9,327,335,86,30.3,88.89
mateus_S_421,WP_092593513.1,88.889,9,1,0,1,9,327,335,86,30.3,88.89
mateus_S_421,WP_092841090.1,88.889,9,1,0,1,9,327,335,86,30.3,88.89
mateus_S_421,WP_092857138.1,88.889,9,1,0,1,9,327,335,86,30.3,88.89
mateus_S_421,WP_055438941.1,88.889,9,1,0,1,9,327,335,86,30.3,88.89
mateus_S_421,WP_195240460.1,100.000,8,0,0,3,10,346,353,86,30.3,100.00
mateus_S_421,WP_009137673.1,100.000,8,0,0,3,10,346,353,86,30.3,100.00
mateus_S_421,KAF7517888.1,77.778,9,2,0,1,9,282,290,122,29.9,100.00
mateus_S_421,WP_011343565.1,90.000,10,0,1,1,10,66,74,172,29.5,90.00
mateus_S_421,WP_096736556.1,64.286,14,0,1,1,9,80,93,244,29.1,64.29
mateus_S_421,CRL22759.1,77.778,9,2,0,1,9,294,302,121,29.9,100.00
mateus_S_421,TGV00810.1,66.667,15,1,1,1,11,267,281,244,29.1,66.67
mateus_S_421,WP_170179844.1,66.667,15,1,1,1,11,265,279,244,29.1,66.67
mateus_S_421,XP_002494780.1,77.778,9,2,0,2,10,213,221,693,27.8,88.89
mateus_S_421,XP_037390230.1,75.000,12,2,1,3,13,28,39,345,28.6,83.33
mateus_S_421,XP_037390231.1,75.000,12,2,1,3,13,18,29,345,28.6,83.33
mateus_S_421,MBC7390915.1,80.000,10,2,0,1,10,199,208,172,29.5,90.00
mateus_S_421,NMB50235.1,88.889,9,1,0,1,9,172,180,693,27.8,88.89
mateus_S_421,NLL67276.1,90.000,10,0,1,1,10,27,35,172,29.5,90.00
mateus_S_421,WP_144963279.1,75.000,12,1,1,1,10,94,105,345,28.6,75.00
mateus_S_421,WP_026746340.1,75.000,12,2,1,1,11,60,71,172,29.5,83.33
mateus_S_421,XP_027235514.1,77.778,9,2,0,1,9,106,114,244,29.1,100.00
mateus_S_421,WP_189347278.1,77.778,9,2,0,2,10,169,177,692,27.8,88.89
mateus_S_421,OGU75953.1,77.778,9,2,0,1,9,32,40,244,29.1,88.89
mateus_S_421,KAF3565672.1,80.000,10,1,1,1,9,61,70,489,28.2,90.00
mateus_S_421,ROT61405.1,77.778,9,2,0,1,9,250,258,244,29.1,100.00
mateus_S_421,HBS10725.1,77.778,9,2,0,1,9,233,241,244,29.1,100.00
mateus_S_421,KAF3566104.1,77.778,9,2,0,1,9,76,84,982,27.4,88.89
mateus_S_421,WP_013909500.1,87.500,8,1,0,1,8,13,20,345,28.6,100.00
mateus_S_421,XP_004301944.1,88.889,9,1,0,1,9,313,321,244,29.1,88.89
mateus_S_421,XP_011013206.1,77.778,9,2,0,1,9,99,107,489,28.2,88.89
mateus_S_421,WP_116979040.1,88.889,9,1,0,1,9,68,76,244,29.1,88.89
mateus_S_421,RNA23057.1,80.000,10,2,0,1,10,129,138,489,28.2,80.00
mateus_S_421,WP_013419454.1,87.500,8,1,0,1,8,121,128,489,28.2,87.50
mateus_S_421,WP_127079927.1,87.500,8,1,0,1,8,121,128,489,28.2,87.50
mateus_S_421,WP_037240902.1,87.500,8,1,0,1,8,121,128,489,28.2,87.50
mateus_S_421,XP_011009437.1,77.778,9,2,0,1,9,99,107,489,28.2,88.89
mateus_S_421,XP_034911739.1,77.778,9,2,0,1,9,99,107,489,28.2,88.89
mateus_S_421,XP_002302717.3,77.778,9,2,0,1,9,99,107,489,28.2,88.89
mateus_S_421,NQU34385.1,87.500,8,1,0,2,9,890,897,694,27.8,100.00
mateus_S_421,WP_013054323.1,77.778,9,2,0,1,9,870,878,244,29.1,88.89
mateus_S_421,QFG74550.1,54.545,22,3,2,1,15,564,585,86,30.3,54.55
mateus_S_421,XP_018467504.1,77.778,9,2,0,1,9,87,95,690,27.8,88.89
mateus_S_421,XP_018466649.1,77.778,9,2,0,1,9,85,93,691,27.8,88.89
mateus_S_421,GHP07406.1,87.500,8,1,0,2,9,45,52,488,28.2,100.00
mateus_S_421,RSH89221.1,87.500,8,1,0,1,8,151,158,692,27.8,87.50
mateus_S_421,NLB92191.1,77.778,9,2,0,1,9,165,173,345,28.6,88.89
mateus_S_421,GEU76516.1,87.500,8,1,0,1,8,162,169,345,28.6,100.00
mateus_S_421,TAK34680.1,60.000,15,0,1,1,9,282,296,345,28.6,60.00
mateus_S_421,OHA89303.1,100.000,7,0,0,1,7,127,133,693,27.8,100.00
nelde_S_1208,QIG55857.1,100.000,9,0,0,1,9,1208,1216,0.018,39.2,100.00
nelde_S_1208,QJE37812.1,100.000,6,0,0,1,6,1205,1210,873,26.1,100.00
nelde_S_1208,ACJ60694.1,88.889,9,1,0,1,9,1177,1185,0.14,36.7,100.00
nelde_S_1208,ACJ60703.1,88.889,9,1,0,1,9,1194,1202,0.14,36.7,100.00
nelde_S_1208,ACJ60681.1,88.889,9,1,0,1,9,1190,1198,0.14,36.7,100.00
nelde_S_1208,AAS75868.1,88.889,9,1,0,1,9,1190,1198,0.14,36.7,100.00
nelde_S_1208,ABY85258.1,88.889,9,1,0,1,9,1190,1198,0.14,36.7,100.00


